return_id,order_id,customer_id,product_id,customer_reason,timestamp
RTN-0001,ORD-00002,CUST-0652,PROD-0978,SIZE_MISMATCH,2026-05-31T07:51:56.033250
RTN-0002,ORD-00004,CUST-0584,PROD-0919,SIZE_MISMATCH,2026-05-16T17:33:22.033337
RTN-0003,ORD-00006,CUST-0962,PROD-0954,DEFECTIVE,2026-05-09T23:01:12.033406
RTN-0004,ORD-00010,CUST-0761,PROD-0408,DEFECTIVE,2026-05-05T00:25:43.033500
RTN-0005,ORD-00012,CUST-0209,PROD-0742,DAMAGED_IN_TRANSIT,2026-05-22T23:36:36.033556
RTN-0006,ORD-00017,CUST-0184,PROD-0514,SIZE_MISMATCH,2026-04-24T16:28:14.033684
RTN-0007,ORD-00019,CUST-0594,PROD-0835,SIZE_MISMATCH,2026-05-25T02:39:14.033740
RTN-0008,ORD-00020,CUST-0581,PROD-0626,DESCRIPTION_MISMATCH,2026-06-17T02:59:23.033768
RTN-0009,ORD-00022,CUST-0235,PROD-0419,DAMAGED_IN_TRANSIT,2026-05-17T07:44:05.033815
RTN-0010,ORD-00024,CUST-0864,PROD-0997,CHANGED_MIND,2026-05-04T15:42:14.033867
RTN-0011,ORD-00028,CUST-0642,PROD-0963,DAMAGED_IN_TRANSIT,2026-04-03T03:08:10.033949
RTN-0012,ORD-00029,CUST-0507,PROD-0264,CHANGED_MIND,2026-05-10T12:59:24.033981
RTN-0013,ORD-00037,CUST-0594,PROD-0812,DEFECTIVE,2026-04-02T14:23:24.034129
RTN-0014,ORD-00039,CUST-0397,PROD-0789,SIZE_MISMATCH,2026-05-23T16:03:33.034174
RTN-0015,ORD-00041,CUST-0607,PROD-0615,DEFECTIVE,2026-05-24T12:12:53.034225
RTN-0016,ORD-00042,CUST-0485,PROD-0727,DESCRIPTION_MISMATCH,2026-04-03T00:09:28.034260
RTN-0017,ORD-00050,CUST-0033,PROD-0265,DESCRIPTION_MISMATCH,2026-06-01T00:52:59.034415
RTN-0018,ORD-00057,CUST-0776,PROD-0057,SIZE_MISMATCH,2026-05-15T20:22:27.034556
RTN-0019,ORD-00065,CUST-0833,PROD-0621,DEFECTIVE,2026-03-27T10:11:26.034752
RTN-0020,ORD-00083,CUST-0649,PROD-0447,SIZE_MISMATCH,2026-05-03T01:46:47.035068
RTN-0021,ORD-00084,CUST-0411,PROD-0587,CHANGED_MIND,2026-06-11T04:49:53.035110
RTN-0022,ORD-00089,CUST-0898,PROD-0081,DAMAGED_IN_TRANSIT,2026-05-30T10:54:04.035213
RTN-0023,ORD-00096,CUST-0137,PROD-0763,DESCRIPTION_MISMATCH,2026-04-21T13:02:32.035346
RTN-0024,ORD-00098,CUST-0333,PROD-0856,SIZE_MISMATCH,2026-05-05T01:05:05.035398
RTN-0025,ORD-00100,CUST-0457,PROD-0515,SIZE_MISMATCH,2026-05-03T12:02:19.035457
RTN-0026,ORD-00111,CUST-0559,PROD-0767,DESCRIPTION_MISMATCH,2026-05-22T21:45:22.035683
RTN-0027,ORD-00116,CUST-0118,PROD-0421,DAMAGED_IN_TRANSIT,2026-04-06T19:49:28.035789
RTN-0028,ORD-00117,CUST-0679,PROD-0803,CHANGED_MIND,2026-03-26T17:35:25.035816
RTN-0029,ORD-00119,CUST-0035,PROD-0500,DEFECTIVE,2026-05-23T12:10:56.035863
RTN-0030,ORD-00120,CUST-0240,PROD-0680,DEFECTIVE,2026-04-24T17:19:35.035889
RTN-0031,ORD-00127,CUST-0846,PROD-0057,SIZE_MISMATCH,2026-05-09T21:06:56.036027
RTN-0032,ORD-00128,CUST-0089,PROD-0227,SIZE_MISMATCH,2026-05-28T14:12:36.036068
RTN-0033,ORD-00131,CUST-0663,PROD-0736,SIZE_MISMATCH,2026-04-24T23:29:36.036139
RTN-0034,ORD-00135,CUST-0790,PROD-0145,CHANGED_MIND,2026-04-10T07:04:55.036238
RTN-0035,ORD-00147,CUST-0559,PROD-0813,CHANGED_MIND,2026-04-25T00:07:28.036468
RTN-0036,ORD-00149,CUST-0327,PROD-0608,DEFECTIVE,2026-06-03T01:02:00.036514
RTN-0037,ORD-00157,CUST-0676,PROD-0852,SIZE_MISMATCH,2026-05-15T09:56:51.036681
RTN-0038,ORD-00159,CUST-0538,PROD-0862,DEFECTIVE,2026-04-21T10:04:54.036732
RTN-0039,ORD-00160,CUST-0422,PROD-0371,DESCRIPTION_MISMATCH,2026-06-07T05:58:52.036773
RTN-0040,ORD-00163,CUST-0578,PROD-0670,SIZE_MISMATCH,2026-04-25T07:18:20.036842
RTN-0041,ORD-00167,CUST-0764,PROD-0342,CHANGED_MIND,2026-05-10T21:24:13.036924
RTN-0042,ORD-00170,CUST-0627,PROD-0794,CHANGED_MIND,2026-05-02T08:57:04.036987
RTN-0043,ORD-00175,CUST-0857,PROD-0614,DAMAGED_IN_TRANSIT,2026-06-06T17:36:04.037089
RTN-0044,ORD-00176,CUST-0620,PROD-0160,SIZE_MISMATCH,2026-05-04T17:10:49.037116
RTN-0045,ORD-00181,CUST-0878,PROD-0114,CHANGED_MIND,2026-04-12T04:49:17.037232
RTN-0046,ORD-00184,CUST-0704,PROD-0997,DEFECTIVE,2026-05-06T15:19:45.037298
RTN-0047,ORD-00187,CUST-0511,PROD-0804,SIZE_MISMATCH,2026-03-24T18:33:10.037367
RTN-0048,ORD-00190,CUST-0246,PROD-0965,SIZE_MISMATCH,2026-04-08T21:31:36.037445
RTN-0049,ORD-00195,CUST-0549,PROD-0360,SIZE_MISMATCH,2026-04-12T07:16:17.037547
RTN-0050,ORD-00200,CUST-0664,PROD-0711,DEFECTIVE,2026-04-26T01:29:44.037647
RTN-0051,ORD-00209,CUST-0490,PROD-0051,SIZE_MISMATCH,2026-04-22T09:50:38.037831
RTN-0052,ORD-00216,CUST-0723,PROD-0576,DESCRIPTION_MISMATCH,2026-05-22T22:19:38.037962
RTN-0053,ORD-00218,CUST-0640,PROD-0079,DAMAGED_IN_TRANSIT,2026-04-30T18:27:46.038021
RTN-0054,ORD-00219,CUST-0302,PROD-0964,DEFECTIVE,2026-06-15T08:33:37.038065
RTN-0055,ORD-00220,CUST-0514,PROD-0003,DESCRIPTION_MISMATCH,2026-04-28T23:59:41.038096
RTN-0056,ORD-00221,CUST-0522,PROD-0207,SIZE_MISMATCH,2026-03-29T19:46:37.038124
RTN-0057,ORD-00222,CUST-0604,PROD-0955,DESCRIPTION_MISMATCH,2026-05-26T13:02:39.038156
RTN-0058,ORD-00225,CUST-0513,PROD-0249,DEFECTIVE,2026-04-30T16:48:36.038218
RTN-0059,ORD-00229,CUST-0896,PROD-0670,DESCRIPTION_MISMATCH,2026-03-23T04:24:47.038313
RTN-0060,ORD-00232,CUST-0078,PROD-0771,CHANGED_MIND,2026-04-06T00:36:04.038391
RTN-0061,ORD-00233,CUST-0989,PROD-0879,SIZE_MISMATCH,2026-04-14T07:41:47.038421
RTN-0062,ORD-00234,CUST-0223,PROD-0355,DAMAGED_IN_TRANSIT,2026-05-28T06:54:58.038452
RTN-0063,ORD-00237,CUST-0282,PROD-0817,DAMAGED_IN_TRANSIT,2026-05-02T13:33:03.038514
RTN-0064,ORD-00245,CUST-0624,PROD-0966,SIZE_MISMATCH,2026-03-28T20:00:14.038707
RTN-0065,ORD-00249,CUST-0100,PROD-0837,SIZE_MISMATCH,2026-04-17T03:56:42.038800
RTN-0066,ORD-00250,CUST-0424,PROD-0103,DEFECTIVE,2026-06-02T06:37:09.038842
RTN-0067,ORD-00251,CUST-0090,PROD-0558,DEFECTIVE,2026-06-04T03:18:25.038870
RTN-0068,ORD-00255,CUST-0115,PROD-0351,SIZE_MISMATCH,2026-06-07T20:32:27.038965
RTN-0069,ORD-00260,CUST-0586,PROD-0617,DESCRIPTION_MISMATCH,2026-04-22T03:32:11.039065
RTN-0070,ORD-00263,CUST-0872,PROD-0107,DESCRIPTION_MISMATCH,2026-05-18T16:19:40.039141
RTN-0071,ORD-00266,CUST-0162,PROD-0705,SIZE_MISMATCH,2026-05-10T00:45:40.039204
RTN-0072,ORD-00272,CUST-0697,PROD-0969,SIZE_MISMATCH,2026-04-01T01:08:27.039324
RTN-0073,ORD-00278,CUST-0291,PROD-0065,DESCRIPTION_MISMATCH,2026-04-18T05:53:59.039452
RTN-0074,ORD-00281,CUST-0143,PROD-0604,DEFECTIVE,2026-04-09T12:26:53.039521
RTN-0075,ORD-00285,CUST-0575,PROD-0529,CHANGED_MIND,2026-03-29T07:16:08.039607
RTN-0076,ORD-00286,CUST-0437,PROD-0595,SIZE_MISMATCH,2026-05-08T17:43:17.039637
RTN-0077,ORD-00287,CUST-0945,PROD-0386,DESCRIPTION_MISMATCH,2026-05-16T06:15:24.039678
RTN-0078,ORD-00288,CUST-0639,PROD-0320,DAMAGED_IN_TRANSIT,2026-05-04T06:41:12.039711
RTN-0079,ORD-00291,CUST-0801,PROD-0825,SIZE_MISMATCH,2026-06-15T00:10:17.039775
RTN-0080,ORD-00293,CUST-0723,PROD-0155,DEFECTIVE,2026-05-25T22:55:39.039851
RTN-0081,ORD-00295,CUST-0322,PROD-0670,SIZE_MISMATCH,2026-04-06T18:22:05.039896
RTN-0082,ORD-00297,CUST-0661,PROD-0583,DESCRIPTION_MISMATCH,2026-04-01T23:03:19.039948
RTN-0083,ORD-00299,CUST-0900,PROD-0702,CHANGED_MIND,2026-04-14T21:41:08.040007
RTN-0084,ORD-00300,CUST-0290,PROD-0062,SIZE_MISMATCH,2026-05-10T20:32:57.040036
RTN-0085,ORD-00305,CUST-0694,PROD-0246,DEFECTIVE,2026-04-07T01:14:43.040140
RTN-0086,ORD-00311,CUST-0958,PROD-0589,DEFECTIVE,2026-06-10T20:00:43.040259
RTN-0087,ORD-00319,CUST-0191,PROD-0799,CHANGED_MIND,2026-06-05T10:57:14.040437
RTN-0088,ORD-00327,CUST-0939,PROD-0091,DEFECTIVE,2026-03-17T15:16:19.040590
RTN-0089,ORD-00328,CUST-0287,PROD-0813,SIZE_MISMATCH,2026-05-14T04:02:28.040618
RTN-0090,ORD-00339,CUST-0675,PROD-0438,CHANGED_MIND,2026-05-13T05:54:13.040861
RTN-0091,ORD-00342,CUST-0191,PROD-0648,DEFECTIVE,2026-05-11T08:51:34.040929
RTN-0092,ORD-00343,CUST-0388,PROD-0627,SIZE_MISMATCH,2026-04-10T21:27:23.040956
RTN-0093,ORD-00348,CUST-0664,PROD-0402,DAMAGED_IN_TRANSIT,2026-04-28T07:30:27.041055
RTN-0094,ORD-00353,CUST-0084,PROD-0155,DEFECTIVE,2026-05-18T11:30:36.041179
RTN-0095,ORD-00354,CUST-0235,PROD-0493,SIZE_MISMATCH,2026-06-18T17:15:50.041221
RTN-0096,ORD-00356,CUST-0830,PROD-0097,SIZE_MISMATCH,2026-05-03T16:40:59.041269
RTN-0097,ORD-00357,CUST-0940,PROD-0286,SIZE_MISMATCH,2026-05-26T09:29:35.041298
RTN-0098,ORD-00365,CUST-0036,PROD-0507,DAMAGED_IN_TRANSIT,2026-06-02T00:30:11.041486
RTN-0099,ORD-00366,CUST-0883,PROD-0747,SIZE_MISMATCH,2026-05-04T18:49:11.041530
RTN-0100,ORD-00367,CUST-0582,PROD-0559,SIZE_MISMATCH,2026-04-04T08:26:15.041571
RTN-0101,ORD-00370,CUST-0593,PROD-0622,DEFECTIVE,2026-04-20T05:48:35.041646
RTN-0102,ORD-00372,CUST-0376,PROD-0894,CHANGED_MIND,2026-04-19T10:28:39.041729
RTN-0103,ORD-00373,CUST-0560,PROD-0846,DEFECTIVE,2026-06-18T05:46:37.041766
RTN-0104,ORD-00382,CUST-0700,PROD-0679,DESCRIPTION_MISMATCH,2026-05-05T12:17:13.041963
RTN-0105,ORD-00386,CUST-0281,PROD-0564,SIZE_MISMATCH,2026-05-18T08:50:05.042075
RTN-0106,ORD-00392,CUST-0671,PROD-0657,SIZE_MISMATCH,2026-05-16T12:13:38.042269
RTN-0107,ORD-00395,CUST-0876,PROD-0278,DEFECTIVE,2026-04-10T06:39:52.042404
RTN-0108,ORD-00403,CUST-0423,PROD-0283,SIZE_MISMATCH,2026-05-11T08:10:16.042717
RTN-0109,ORD-00404,CUST-0555,PROD-0917,DAMAGED_IN_TRANSIT,2026-05-17T22:27:29.042766
RTN-0110,ORD-00405,CUST-0202,PROD-0678,SIZE_MISMATCH,2026-05-22T03:23:27.042822
RTN-0111,ORD-00407,CUST-0676,PROD-0762,SIZE_MISMATCH,2026-05-04T05:27:29.042889
RTN-0112,ORD-00413,CUST-0751,PROD-0371,SIZE_MISMATCH,2026-05-26T04:19:12.043124
RTN-0113,ORD-00415,CUST-0083,PROD-0709,DAMAGED_IN_TRANSIT,2026-04-30T03:00:44.043173
RTN-0114,ORD-00427,CUST-0092,PROD-0020,SIZE_MISMATCH,2026-04-08T02:05:32.043423
RTN-0115,ORD-00430,CUST-0854,PROD-0048,SIZE_MISMATCH,2026-05-14T10:27:09.043489
RTN-0116,ORD-00433,CUST-0070,PROD-0543,DEFECTIVE,2026-05-31T21:28:45.043556
RTN-0117,ORD-00437,CUST-0669,PROD-0143,CHANGED_MIND,2026-05-07T07:09:00.043645
RTN-0118,ORD-00438,CUST-0079,PROD-0964,CHANGED_MIND,2026-06-09T23:59:05.043703
RTN-0119,ORD-00439,CUST-0685,PROD-0907,SIZE_MISMATCH,2026-04-11T15:32:20.043733
RTN-0120,ORD-00440,CUST-0553,PROD-0822,SIZE_MISMATCH,2026-04-14T02:23:34.043762
RTN-0121,ORD-00453,CUST-0068,PROD-0803,SIZE_MISMATCH,2026-04-19T07:46:17.044045
RTN-0122,ORD-00454,CUST-0534,PROD-0697,CHANGED_MIND,2026-04-17T23:43:49.044087
RTN-0123,ORD-00460,CUST-0645,PROD-0804,SIZE_MISMATCH,2026-06-08T18:38:31.044208
RTN-0124,ORD-00474,CUST-0081,PROD-0546,DAMAGED_IN_TRANSIT,2026-05-26T23:57:34.044480
RTN-0125,ORD-00476,CUST-0223,PROD-0871,DEFECTIVE,2026-06-13T23:20:38.044531
RTN-0126,ORD-00478,CUST-0510,PROD-0930,DESCRIPTION_MISMATCH,2026-04-12T21:33:05.044578
RTN-0127,ORD-00494,CUST-0157,PROD-0686,SIZE_MISMATCH,2026-05-07T02:44:49.044950
RTN-0128,ORD-00498,CUST-0084,PROD-0503,DAMAGED_IN_TRANSIT,2026-04-06T22:54:19.045234
RTN-0129,ORD-00500,CUST-0511,PROD-0801,SIZE_MISMATCH,2026-04-29T18:28:18.045312
RTN-0130,ORD-00507,CUST-0521,PROD-0616,SIZE_MISMATCH,2026-05-21T18:16:54.045551
RTN-0131,ORD-00508,CUST-0963,PROD-0600,SIZE_MISMATCH,2026-05-26T13:45:51.045598
RTN-0132,ORD-00512,CUST-0944,PROD-0907,SIZE_MISMATCH,2026-04-14T10:38:20.045750
RTN-0133,ORD-00516,CUST-0754,PROD-0860,SIZE_MISMATCH,2026-05-29T17:36:35.045886
RTN-0134,ORD-00517,CUST-0162,PROD-0471,SIZE_MISMATCH,2026-04-30T16:22:26.045935
RTN-0135,ORD-00529,CUST-0713,PROD-0798,SIZE_MISMATCH,2026-04-24T11:36:10.046244
RTN-0136,ORD-00531,CUST-0617,PROD-0072,DESCRIPTION_MISMATCH,2026-05-10T22:24:28.046300
RTN-0137,ORD-00533,CUST-0250,PROD-0371,SIZE_MISMATCH,2026-05-29T09:24:24.046362
RTN-0138,ORD-00536,CUST-0024,PROD-0688,SIZE_MISMATCH,2026-04-12T12:14:29.046437
RTN-0139,ORD-00547,CUST-0270,PROD-0436,SIZE_MISMATCH,2026-06-10T19:00:44.046695
RTN-0140,ORD-00557,CUST-0628,PROD-0164,CHANGED_MIND,2026-04-14T21:21:06.046958
RTN-0141,ORD-00562,CUST-0694,PROD-0839,CHANGED_MIND,2026-04-30T20:34:11.047102
RTN-0142,ORD-00564,CUST-0715,PROD-0034,DESCRIPTION_MISMATCH,2026-03-26T19:44:54.047154
RTN-0143,ORD-00566,CUST-0371,PROD-0323,SIZE_MISMATCH,2026-05-20T00:24:03.047207
RTN-0144,ORD-00570,CUST-0626,PROD-0388,DAMAGED_IN_TRANSIT,2026-04-16T07:47:55.047300
RTN-0145,ORD-00571,CUST-0491,PROD-0669,DEFECTIVE,2026-03-31T21:43:42.047343
RTN-0146,ORD-00572,CUST-0263,PROD-0782,SIZE_MISMATCH,2026-05-25T11:02:22.047393
RTN-0147,ORD-00573,CUST-0556,PROD-0356,DEFECTIVE,2026-03-23T16:23:15.047436
RTN-0148,ORD-00575,CUST-0700,PROD-0849,SIZE_MISMATCH,2026-06-05T10:29:47.047491
RTN-0149,ORD-00578,CUST-0532,PROD-0741,SIZE_MISMATCH,2026-03-24T17:57:36.047563
RTN-0150,ORD-00587,CUST-0222,PROD-0791,CHANGED_MIND,2026-06-11T15:25:55.047785
RTN-0151,ORD-00589,CUST-0865,PROD-0477,DAMAGED_IN_TRANSIT,2026-06-08T08:49:29.047847
RTN-0152,ORD-00592,CUST-0792,PROD-0231,CHANGED_MIND,2026-05-30T18:41:08.047924
RTN-0153,ORD-00594,CUST-0526,PROD-0457,DESCRIPTION_MISMATCH,2026-04-10T09:37:40.047987
RTN-0154,ORD-00595,CUST-0231,PROD-0425,DEFECTIVE,2026-06-11T21:52:20.048021
RTN-0155,ORD-00608,CUST-0465,PROD-0189,CHANGED_MIND,2026-06-01T05:50:06.048309
RTN-0156,ORD-00610,CUST-0496,PROD-0176,DEFECTIVE,2026-05-30T19:22:25.048357
RTN-0157,ORD-00611,CUST-0902,PROD-0750,SIZE_MISMATCH,2026-05-12T23:03:35.048384
RTN-0158,ORD-00612,CUST-0767,PROD-0054,SIZE_MISMATCH,2026-05-25T06:32:18.048414
RTN-0159,ORD-00613,CUST-0797,PROD-0781,DAMAGED_IN_TRANSIT,2026-05-12T16:59:39.048440
RTN-0160,ORD-00617,CUST-0186,PROD-0381,DESCRIPTION_MISMATCH,2026-04-06T09:06:53.048523
RTN-0161,ORD-00620,CUST-0646,PROD-0755,SIZE_MISMATCH,2026-05-21T21:53:00.048584
RTN-0162,ORD-00624,CUST-0997,PROD-0931,DESCRIPTION_MISMATCH,2026-05-08T13:23:24.048693
RTN-0163,ORD-00626,CUST-0233,PROD-0139,DEFECTIVE,2026-04-29T16:50:26.048753
RTN-0164,ORD-00632,CUST-0922,PROD-0396,DEFECTIVE,2026-04-11T17:16:05.048875
RTN-0165,ORD-00634,CUST-0921,PROD-0943,SIZE_MISMATCH,2026-05-14T06:46:25.048940
RTN-0166,ORD-00637,CUST-0859,PROD-0138,DEFECTIVE,2026-05-13T14:01:07.049003
RTN-0167,ORD-00650,CUST-0641,PROD-0528,DESCRIPTION_MISMATCH,2026-04-11T14:12:32.049246
RTN-0168,ORD-00656,CUST-0961,PROD-0593,DAMAGED_IN_TRANSIT,2026-03-26T07:32:56.049363
RTN-0169,ORD-00658,CUST-0517,PROD-0012,DESCRIPTION_MISMATCH,2026-06-13T06:43:36.049410
RTN-0170,ORD-00674,CUST-0467,PROD-0163,DEFECTIVE,2026-03-23T23:28:40.049755
RTN-0171,ORD-00675,CUST-0841,PROD-0316,SIZE_MISMATCH,2026-05-27T19:09:48.049785
RTN-0172,ORD-00676,CUST-0300,PROD-0575,CHANGED_MIND,2026-04-11T05:29:41.049815
RTN-0173,ORD-00681,CUST-0648,PROD-0655,SIZE_MISMATCH,2026-05-10T16:32:40.049921
RTN-0174,ORD-00691,CUST-0760,PROD-0278,SIZE_MISMATCH,2026-05-03T21:06:54.050109
RTN-0175,ORD-00692,CUST-0002,PROD-0435,DAMAGED_IN_TRANSIT,2026-06-09T03:25:57.050144
RTN-0176,ORD-00694,CUST-0953,PROD-0514,SIZE_MISMATCH,2026-04-29T20:13:12.050191
RTN-0177,ORD-00708,CUST-0651,PROD-0939,CHANGED_MIND,2026-04-21T13:26:34.050451
RTN-0178,ORD-00714,CUST-0316,PROD-0721,SIZE_MISMATCH,2026-06-12T14:06:09.050576
RTN-0179,ORD-00724,CUST-0163,PROD-0295,DEFECTIVE,2026-05-14T10:52:21.050789
RTN-0180,ORD-00730,CUST-0843,PROD-0264,SIZE_MISMATCH,2026-06-16T12:52:24.050916
RTN-0181,ORD-00745,CUST-0368,PROD-0175,DEFECTIVE,2026-05-07T10:42:43.051187
RTN-0182,ORD-00747,CUST-0914,PROD-0936,DESCRIPTION_MISMATCH,2026-05-01T18:55:02.051231
RTN-0183,ORD-00751,CUST-0059,PROD-0739,CHANGED_MIND,2026-05-15T01:37:39.051325
RTN-0184,ORD-00752,CUST-0620,PROD-0728,DEFECTIVE,2026-05-24T08:53:51.051352
RTN-0185,ORD-00753,CUST-0261,PROD-0409,CHANGED_MIND,2026-04-25T09:25:39.051394
RTN-0186,ORD-00766,CUST-0405,PROD-0625,CHANGED_MIND,2026-05-14T05:39:25.051644
RTN-0187,ORD-00771,CUST-0434,PROD-0748,DEFECTIVE,2026-05-10T23:28:00.051762
RTN-0188,ORD-00780,CUST-0526,PROD-0158,SIZE_MISMATCH,2026-04-20T07:45:55.051940
RTN-0189,ORD-00785,CUST-0968,PROD-0337,CHANGED_MIND,2026-04-04T14:59:49.052035
RTN-0190,ORD-00786,CUST-0654,PROD-0880,DEFECTIVE,2026-05-14T07:38:41.052064
RTN-0191,ORD-00794,CUST-0623,PROD-0669,DEFECTIVE,2026-06-08T00:16:30.052227
RTN-0192,ORD-00800,CUST-0386,PROD-0771,DESCRIPTION_MISMATCH,2026-04-26T20:19:41.052342
RTN-0193,ORD-00805,CUST-0607,PROD-0012,DEFECTIVE,2026-04-12T10:08:43.052435
RTN-0194,ORD-00820,CUST-0520,PROD-0235,SIZE_MISMATCH,2026-04-09T23:21:27.052739
RTN-0195,ORD-00825,CUST-0653,PROD-0414,SIZE_MISMATCH,2026-05-20T19:39:13.052835
RTN-0196,ORD-00838,CUST-0871,PROD-0721,SIZE_MISMATCH,2026-05-30T19:38:29.053072
RTN-0197,ORD-00849,CUST-0610,PROD-0600,SIZE_MISMATCH,2026-05-17T00:44:32.053274
RTN-0198,ORD-00857,CUST-0856,PROD-0680,DEFECTIVE,2026-05-04T23:02:33.053485
RTN-0199,ORD-00858,CUST-0903,PROD-0009,DAMAGED_IN_TRANSIT,2026-04-07T15:23:22.053528
RTN-0200,ORD-00862,CUST-0001,PROD-0616,SIZE_MISMATCH,2026-05-04T22:30:10.053609
RTN-0201,ORD-00869,CUST-0520,PROD-0942,SIZE_MISMATCH,2026-06-14T10:58:21.053766
RTN-0202,ORD-00870,CUST-0043,PROD-0559,DESCRIPTION_MISMATCH,2026-06-14T09:17:28.053795
RTN-0203,ORD-00872,CUST-0923,PROD-0239,DAMAGED_IN_TRANSIT,2026-03-30T20:35:46.053841
RTN-0204,ORD-00873,CUST-0848,PROD-0684,DESCRIPTION_MISMATCH,2026-03-27T12:07:58.053883
RTN-0205,ORD-00876,CUST-0277,PROD-0573,CHANGED_MIND,2026-06-11T15:28:35.053944
RTN-0206,ORD-00880,CUST-0041,PROD-0721,SIZE_MISMATCH,2026-05-08T04:21:00.054028
RTN-0207,ORD-00881,CUST-0422,PROD-0900,CHANGED_MIND,2026-04-16T06:48:40.054056
RTN-0208,ORD-00884,CUST-0076,PROD-0869,CHANGED_MIND,2026-05-12T06:34:57.054121
RTN-0209,ORD-00896,CUST-0641,PROD-0118,SIZE_MISMATCH,2026-04-09T02:30:02.054359
RTN-0210,ORD-00899,CUST-0624,PROD-0991,SIZE_MISMATCH,2026-05-16T11:44:02.054421
RTN-0211,ORD-00904,CUST-0184,PROD-0173,SIZE_MISMATCH,2026-05-23T11:24:03.054516
RTN-0212,ORD-00906,CUST-0881,PROD-0650,DEFECTIVE,2026-04-18T13:42:23.054561
RTN-0213,ORD-00907,CUST-0338,PROD-0718,SIZE_MISMATCH,2026-04-22T21:15:51.054659
RTN-0214,ORD-00910,CUST-0836,PROD-0608,DAMAGED_IN_TRANSIT,2026-05-01T01:11:12.054760
RTN-0215,ORD-00916,CUST-0209,PROD-0401,SIZE_MISMATCH,2026-04-06T12:22:37.054874
RTN-0216,ORD-00922,CUST-0926,PROD-0353,SIZE_MISMATCH,2026-05-19T01:16:44.054988
RTN-0217,ORD-00928,CUST-0827,PROD-0173,SIZE_MISMATCH,2026-04-25T15:37:46.055120
RTN-0218,ORD-00929,CUST-0594,PROD-0493,SIZE_MISMATCH,2026-04-28T16:36:32.055153
RTN-0219,ORD-00932,CUST-0042,PROD-0330,CHANGED_MIND,2026-04-21T13:49:26.055216
RTN-0220,ORD-00936,CUST-0892,PROD-0396,DEFECTIVE,2026-03-23T20:59:54.055352
RTN-0221,ORD-00938,CUST-0756,PROD-0818,CHANGED_MIND,2026-05-20T18:28:02.055398
RTN-0222,ORD-00942,CUST-0278,PROD-0124,CHANGED_MIND,2026-03-31T16:19:45.055477
RTN-0223,ORD-00943,CUST-0971,PROD-0012,DESCRIPTION_MISMATCH,2026-05-09T15:44:54.055510
RTN-0224,ORD-00944,CUST-0451,PROD-0546,SIZE_MISMATCH,2026-04-25T18:40:45.055537
RTN-0225,ORD-00945,CUST-0601,PROD-0984,DESCRIPTION_MISMATCH,2026-04-01T23:12:10.055579
RTN-0226,ORD-00950,CUST-0668,PROD-0741,SIZE_MISMATCH,2026-05-25T11:24:45.055691
RTN-0227,ORD-00954,CUST-0284,PROD-0763,DEFECTIVE,2026-04-05T06:29:59.055771
RTN-0228,ORD-00956,CUST-0535,PROD-0624,CHANGED_MIND,2026-04-14T00:44:09.055814
RTN-0229,ORD-00957,CUST-0981,PROD-0338,SIZE_MISMATCH,2026-05-25T19:18:21.055856
RTN-0230,ORD-00958,CUST-0685,PROD-0346,SIZE_MISMATCH,2026-06-06T05:15:28.055901
RTN-0231,ORD-00961,CUST-0283,PROD-0984,DESCRIPTION_MISMATCH,2026-05-24T14:20:19.055965
RTN-0232,ORD-00963,CUST-0218,PROD-0105,DESCRIPTION_MISMATCH,2026-04-08T02:11:14.056030
RTN-0233,ORD-00964,CUST-0493,PROD-0316,SIZE_MISMATCH,2026-05-24T07:46:22.056058
RTN-0234,ORD-00974,CUST-0229,PROD-0991,SIZE_MISMATCH,2026-04-07T17:25:36.056258
RTN-0235,ORD-00977,CUST-0446,PROD-0728,SIZE_MISMATCH,2026-06-09T00:05:29.056322
RTN-0236,ORD-00978,CUST-0615,PROD-0446,DAMAGED_IN_TRANSIT,2026-04-08T10:17:29.056351
RTN-0237,ORD-00988,CUST-0167,PROD-0442,SIZE_MISMATCH,2026-06-16T02:59:40.056534
RTN-0238,ORD-00992,CUST-0276,PROD-0532,SIZE_MISMATCH,2026-04-27T06:39:02.056628
RTN-0239,ORD-00998,CUST-0159,PROD-0006,CHANGED_MIND,2026-06-01T02:05:11.056791
RTN-0240,ORD-01001,CUST-0018,PROD-0165,DEFECTIVE,2026-04-08T19:46:44.056867
RTN-0241,ORD-01002,CUST-0265,PROD-0863,SIZE_MISMATCH,2026-05-15T18:57:27.056896
RTN-0242,ORD-01004,CUST-0566,PROD-0210,DESCRIPTION_MISMATCH,2026-06-19T07:23:36.056957
RTN-0243,ORD-01009,CUST-0601,PROD-0956,CHANGED_MIND,2026-04-13T07:52:15.057067
RTN-0244,ORD-01010,CUST-0332,PROD-0412,DESCRIPTION_MISMATCH,2026-05-04T07:19:25.057106
RTN-0245,ORD-01016,CUST-0274,PROD-0189,SIZE_MISMATCH,2026-04-17T14:21:33.057250
RTN-0246,ORD-01019,CUST-0183,PROD-0685,DEFECTIVE,2026-03-26T18:54:23.057320
RTN-0247,ORD-01025,CUST-0860,PROD-0487,DAMAGED_IN_TRANSIT,2026-04-08T00:36:13.057442
RTN-0248,ORD-01026,CUST-0930,PROD-0263,CHANGED_MIND,2026-05-16T19:10:54.057472
RTN-0249,ORD-01051,CUST-0882,PROD-0555,DAMAGED_IN_TRANSIT,2026-06-05T02:47:40.058010
RTN-0250,ORD-01060,CUST-0399,PROD-0504,SIZE_MISMATCH,2026-05-27T15:20:12.058196
RTN-0251,ORD-01067,CUST-0875,PROD-0806,DESCRIPTION_MISMATCH,2026-06-13T23:20:48.058330
RTN-0252,ORD-01071,CUST-0188,PROD-0620,SIZE_MISMATCH,2026-04-23T08:57:25.058414
RTN-0253,ORD-01073,CUST-0746,PROD-0932,SIZE_MISMATCH,2026-04-21T16:20:06.058467
RTN-0254,ORD-01075,CUST-0633,PROD-0932,DEFECTIVE,2026-04-27T15:29:53.058521
RTN-0255,ORD-01078,CUST-0221,PROD-0711,DESCRIPTION_MISMATCH,2026-05-13T03:13:58.058597
RTN-0256,ORD-01079,CUST-0340,PROD-0505,DAMAGED_IN_TRANSIT,2026-05-18T19:57:08.058626
RTN-0257,ORD-01081,CUST-0662,PROD-0950,CHANGED_MIND,2026-03-30T11:44:51.058694
RTN-0258,ORD-01083,CUST-0976,PROD-0037,CHANGED_MIND,2026-04-13T11:52:55.058742
RTN-0259,ORD-01085,CUST-0143,PROD-0740,DAMAGED_IN_TRANSIT,2026-04-04T07:29:36.058789
RTN-0260,ORD-01087,CUST-0924,PROD-0600,SIZE_MISMATCH,2026-06-08T18:45:44.058843
RTN-0261,ORD-01088,CUST-0997,PROD-0377,DEFECTIVE,2026-05-23T10:16:24.058875
RTN-0262,ORD-01095,CUST-0864,PROD-0297,SIZE_MISMATCH,2026-04-08T12:30:44.059009
RTN-0263,ORD-01096,CUST-0842,PROD-0274,SIZE_MISMATCH,2026-05-31T14:36:35.059043
RTN-0264,ORD-01101,CUST-0496,PROD-0648,DAMAGED_IN_TRANSIT,2026-05-29T16:36:58.059139
RTN-0265,ORD-01108,CUST-0749,PROD-0282,SIZE_MISMATCH,2026-05-16T16:49:27.059280
RTN-0266,ORD-01110,CUST-0034,PROD-0379,DAMAGED_IN_TRANSIT,2026-04-19T18:19:56.059333
RTN-0267,ORD-01120,CUST-0322,PROD-0788,DAMAGED_IN_TRANSIT,2026-04-03T02:31:36.059508
RTN-0268,ORD-01123,CUST-0364,PROD-0393,DEFECTIVE,2026-04-30T13:13:03.059576
RTN-0269,ORD-01125,CUST-0182,PROD-0763,DAMAGED_IN_TRANSIT,2026-04-26T01:07:54.059622
RTN-0270,ORD-01127,CUST-0254,PROD-0760,SIZE_MISMATCH,2026-05-17T20:38:23.059696
RTN-0271,ORD-01129,CUST-0824,PROD-0571,SIZE_MISMATCH,2026-04-14T16:00:57.059755
RTN-0272,ORD-01130,CUST-0432,PROD-0221,SIZE_MISMATCH,2026-06-11T13:26:54.059784
RTN-0273,ORD-01131,CUST-0745,PROD-0911,DESCRIPTION_MISMATCH,2026-04-19T06:18:48.059817
RTN-0274,ORD-01141,CUST-0987,PROD-0769,DAMAGED_IN_TRANSIT,2026-04-14T11:54:31.059999
RTN-0275,ORD-01142,CUST-0710,PROD-0301,DAMAGED_IN_TRANSIT,2026-05-05T22:29:31.060027
RTN-0276,ORD-01151,CUST-0235,PROD-0569,SIZE_MISMATCH,2026-05-11T03:30:55.060189
RTN-0277,ORD-01152,CUST-0282,PROD-0729,DESCRIPTION_MISMATCH,2026-03-18T15:48:01.060221
RTN-0278,ORD-01154,CUST-0319,PROD-0625,SIZE_MISMATCH,2026-06-07T01:32:46.060266
RTN-0279,ORD-01157,CUST-0159,PROD-0443,DAMAGED_IN_TRANSIT,2026-05-16T21:27:36.060335
RTN-0280,ORD-01161,CUST-0027,PROD-0680,DEFECTIVE,2026-05-11T00:19:48.060413
RTN-0281,ORD-01163,CUST-0329,PROD-0165,DEFECTIVE,2026-05-29T15:55:40.060466
RTN-0282,ORD-01166,CUST-0467,PROD-0048,SIZE_MISMATCH,2026-05-27T10:10:11.060528
RTN-0283,ORD-01171,CUST-0874,PROD-0138,SIZE_MISMATCH,2026-05-07T10:12:52.060694
RTN-0284,ORD-01177,CUST-0158,PROD-0218,SIZE_MISMATCH,2026-06-01T16:32:26.060876
RTN-0285,ORD-01183,CUST-0605,PROD-0949,DESCRIPTION_MISMATCH,2026-05-15T00:49:26.060996
RTN-0286,ORD-01202,CUST-0541,PROD-0233,CHANGED_MIND,2026-05-15T13:00:50.061418
RTN-0287,ORD-01203,CUST-0841,PROD-0899,SIZE_MISMATCH,2026-05-22T03:34:31.061454
RTN-0288,ORD-01209,CUST-0182,PROD-0954,DESCRIPTION_MISMATCH,2026-05-13T09:23:14.061588
RTN-0289,ORD-01211,CUST-0765,PROD-0128,SIZE_MISMATCH,2026-06-08T03:45:34.061638
RTN-0290,ORD-01215,CUST-0132,PROD-0422,SIZE_MISMATCH,2026-04-29T10:53:03.061756
RTN-0291,ORD-01218,CUST-0258,PROD-0463,SIZE_MISMATCH,2026-04-24T21:11:47.061833
RTN-0292,ORD-01219,CUST-0798,PROD-0403,SIZE_MISMATCH,2026-04-07T14:18:43.061884
RTN-0293,ORD-01226,CUST-0753,PROD-0114,CHANGED_MIND,2026-04-24T10:22:47.062094
RTN-0294,ORD-01227,CUST-0448,PROD-0417,CHANGED_MIND,2026-06-04T19:59:52.062131
RTN-0295,ORD-01228,CUST-0770,PROD-0190,SIZE_MISMATCH,2026-05-11T00:03:08.062186
RTN-0296,ORD-01237,CUST-0031,PROD-0539,SIZE_MISMATCH,2026-05-18T15:59:26.062452
RTN-0297,ORD-01239,CUST-1000,PROD-0612,DAMAGED_IN_TRANSIT,2026-04-11T09:39:37.062523
RTN-0298,ORD-01241,CUST-0096,PROD-0450,DAMAGED_IN_TRANSIT,2026-05-24T19:29:23.062580
RTN-0299,ORD-01245,CUST-0907,PROD-0180,DESCRIPTION_MISMATCH,2026-06-13T00:22:42.062728
RTN-0300,ORD-01247,CUST-0470,PROD-0602,SIZE_MISMATCH,2026-03-26T11:53:21.062829
RTN-0301,ORD-01248,CUST-0122,PROD-0728,DEFECTIVE,2026-05-13T12:23:48.062876
RTN-0302,ORD-01250,CUST-0472,PROD-0516,DESCRIPTION_MISMATCH,2026-05-23T15:09:10.062966
RTN-0303,ORD-01254,CUST-0426,PROD-0606,SIZE_MISMATCH,2026-04-05T07:17:24.063064
RTN-0304,ORD-01256,CUST-0955,PROD-0268,CHANGED_MIND,2026-04-07T13:09:08.063115
RTN-0305,ORD-01257,CUST-0159,PROD-0806,SIZE_MISMATCH,2026-05-27T23:58:29.063148
RTN-0306,ORD-01258,CUST-0918,PROD-0051,SIZE_MISMATCH,2026-06-07T06:10:55.063180
RTN-0307,ORD-01259,CUST-0344,PROD-0657,SIZE_MISMATCH,2026-05-17T03:09:08.063214
RTN-0308,ORD-01260,CUST-0959,PROD-0176,SIZE_MISMATCH,2026-04-08T20:30:31.063255
RTN-0309,ORD-01262,CUST-0600,PROD-0284,SIZE_MISMATCH,2026-05-11T17:38:28.063311
RTN-0310,ORD-01264,CUST-0568,PROD-0361,CHANGED_MIND,2026-04-02T14:17:02.063370
RTN-0311,ORD-01267,CUST-0056,PROD-0567,DEFECTIVE,2026-04-27T02:00:16.063440
RTN-0312,ORD-01271,CUST-0674,PROD-0817,CHANGED_MIND,2026-05-29T03:51:58.063556
RTN-0313,ORD-01272,CUST-0709,PROD-0346,SIZE_MISMATCH,2026-05-08T00:50:59.063613
RTN-0314,ORD-01278,CUST-0127,PROD-0230,CHANGED_MIND,2026-04-22T07:42:48.063816
RTN-0315,ORD-01279,CUST-0196,PROD-0705,DESCRIPTION_MISMATCH,2026-06-04T22:40:36.063848
RTN-0316,ORD-01280,CUST-0066,PROD-0902,DESCRIPTION_MISMATCH,2026-05-22T10:50:06.063886
RTN-0317,ORD-01281,CUST-0757,PROD-0260,DESCRIPTION_MISMATCH,2026-04-22T08:39:16.063920
RTN-0318,ORD-01285,CUST-0787,PROD-0825,SIZE_MISMATCH,2026-06-07T16:28:39.064015
RTN-0319,ORD-01290,CUST-0194,PROD-0002,DAMAGED_IN_TRANSIT,2026-05-04T12:44:42.064124
RTN-0320,ORD-01309,CUST-0643,PROD-0299,SIZE_MISMATCH,2026-03-31T00:50:18.064488
RTN-0321,ORD-01317,CUST-0526,PROD-0067,DESCRIPTION_MISMATCH,2026-05-20T17:22:44.064651
RTN-0322,ORD-01318,CUST-0803,PROD-0567,DESCRIPTION_MISMATCH,2026-06-16T17:25:46.064706
RTN-0323,ORD-01320,CUST-0391,PROD-0665,DAMAGED_IN_TRANSIT,2026-04-30T13:46:57.064771
RTN-0324,ORD-01329,CUST-0965,PROD-0490,SIZE_MISMATCH,2026-05-31T04:51:58.064960
RTN-0325,ORD-01331,CUST-0775,PROD-0169,CHANGED_MIND,2026-06-15T07:24:20.065019
RTN-0326,ORD-01334,CUST-0747,PROD-0927,SIZE_MISMATCH,2026-05-08T15:34:25.065086
RTN-0327,ORD-01336,CUST-0547,PROD-0145,DEFECTIVE,2026-05-06T13:49:57.065137
RTN-0328,ORD-01337,CUST-0646,PROD-0097,SIZE_MISMATCH,2026-05-02T07:39:47.065178
RTN-0329,ORD-01340,CUST-0319,PROD-0589,DEFECTIVE,2026-04-17T06:09:06.065242
RTN-0330,ORD-01342,CUST-0818,PROD-0487,DEFECTIVE,2026-06-13T20:10:31.065288
RTN-0331,ORD-01356,CUST-0907,PROD-0130,SIZE_MISMATCH,2026-06-03T12:27:24.065552
RTN-0332,ORD-01373,CUST-0253,PROD-0856,DAMAGED_IN_TRANSIT,2026-03-21T00:47:15.065872
RTN-0333,ORD-01378,CUST-0163,PROD-0333,SIZE_MISMATCH,2026-03-31T06:38:58.065978
RTN-0334,ORD-01383,CUST-0081,PROD-0097,DEFECTIVE,2026-05-18T20:28:13.066074
RTN-0335,ORD-01389,CUST-0107,PROD-0173,SIZE_MISMATCH,2026-05-05T07:35:40.066187
RTN-0336,ORD-01391,CUST-0327,PROD-0972,DAMAGED_IN_TRANSIT,2026-05-08T16:05:33.066242
RTN-0337,ORD-01394,CUST-0267,PROD-0215,DEFECTIVE,2026-05-28T23:11:41.066305
RTN-0338,ORD-01396,CUST-0178,PROD-0218,SIZE_MISMATCH,2026-05-16T19:23:36.066353
RTN-0339,ORD-01402,CUST-0405,PROD-0947,DAMAGED_IN_TRANSIT,2026-04-30T02:06:40.066470
RTN-0340,ORD-01403,CUST-0285,PROD-0848,CHANGED_MIND,2026-05-20T10:52:51.066511
RTN-0341,ORD-01406,CUST-0891,PROD-0941,DEFECTIVE,2026-04-06T08:33:35.066576
RTN-0342,ORD-01408,CUST-0970,PROD-0920,CHANGED_MIND,2026-04-02T16:55:13.066622
RTN-0343,ORD-01411,CUST-0898,PROD-0121,DAMAGED_IN_TRANSIT,2026-04-30T00:28:13.066714
RTN-0344,ORD-01412,CUST-0754,PROD-0593,DESCRIPTION_MISMATCH,2026-05-07T11:14:28.066748
RTN-0345,ORD-01415,CUST-0565,PROD-0141,SIZE_MISMATCH,2026-03-24T19:55:34.066813
RTN-0346,ORD-01417,CUST-0432,PROD-0066,SIZE_MISMATCH,2026-04-29T22:45:19.066860
RTN-0347,ORD-01419,CUST-0835,PROD-0271,CHANGED_MIND,2026-05-07T13:19:48.066907
RTN-0348,ORD-01420,CUST-0567,PROD-0560,SIZE_MISMATCH,2026-03-28T13:34:11.066935
RTN-0349,ORD-01421,CUST-0161,PROD-0690,DEFECTIVE,2026-03-31T01:12:19.066969
RTN-0350,ORD-01428,CUST-0665,PROD-0868,SIZE_MISMATCH,2026-05-14T00:14:39.067107
RTN-0351,ORD-01429,CUST-0395,PROD-0332,SIZE_MISMATCH,2026-04-21T09:40:56.067136
RTN-0352,ORD-01433,CUST-0742,PROD-0808,SIZE_MISMATCH,2026-03-25T23:59:40.067214
RTN-0353,ORD-01438,CUST-0496,PROD-0576,DEFECTIVE,2026-06-07T11:53:44.067326
RTN-0354,ORD-01443,CUST-0124,PROD-0104,SIZE_MISMATCH,2026-04-05T12:33:25.067435
RTN-0355,ORD-01445,CUST-0866,PROD-0537,DESCRIPTION_MISMATCH,2026-06-14T07:15:46.067479
RTN-0356,ORD-01446,CUST-0122,PROD-0284,SIZE_MISMATCH,2026-03-27T15:49:05.067508
RTN-0357,ORD-01451,CUST-0744,PROD-0311,DEFECTIVE,2026-04-15T08:12:51.067619
RTN-0358,ORD-01457,CUST-0761,PROD-0177,DAMAGED_IN_TRANSIT,2026-05-28T12:21:06.067754
RTN-0359,ORD-01459,CUST-0001,PROD-0073,DESCRIPTION_MISMATCH,2026-06-08T18:43:29.067812
RTN-0360,ORD-01460,CUST-0287,PROD-0428,DEFECTIVE,2026-04-03T13:15:56.067845
RTN-0361,ORD-01462,CUST-0395,PROD-0281,DAMAGED_IN_TRANSIT,2026-04-19T02:19:31.067897
RTN-0362,ORD-01469,CUST-0758,PROD-0174,DEFECTIVE,2026-05-12T19:42:21.068023
RTN-0363,ORD-01472,CUST-0877,PROD-0119,SIZE_MISMATCH,2026-06-07T17:01:54.068084
RTN-0364,ORD-01481,CUST-0669,PROD-0679,CHANGED_MIND,2026-05-23T16:39:24.068266
RTN-0365,ORD-01482,CUST-0456,PROD-0355,SIZE_MISMATCH,2026-04-12T04:50:39.068292
RTN-0366,ORD-01483,CUST-0592,PROD-0110,DEFECTIVE,2026-06-05T17:30:43.068321
RTN-0367,ORD-01491,CUST-0449,PROD-0160,SIZE_MISMATCH,2026-06-06T23:23:33.068470
RTN-0368,ORD-01493,CUST-0264,PROD-0735,DESCRIPTION_MISMATCH,2026-06-14T02:19:26.068524
RTN-0369,ORD-01494,CUST-0061,PROD-0205,SIZE_MISMATCH,2026-06-10T07:55:46.068552
RTN-0370,ORD-01495,CUST-0033,PROD-0236,SIZE_MISMATCH,2026-05-15T16:27:44.068590
RTN-0371,ORD-01497,CUST-0932,PROD-0436,SIZE_MISMATCH,2026-06-19T04:01:15.068637
RTN-0372,ORD-01501,CUST-0293,PROD-0317,CHANGED_MIND,2026-06-07T04:15:51.068735
RTN-0373,ORD-01506,CUST-0971,PROD-0541,CHANGED_MIND,2026-04-23T23:09:05.068840
RTN-0374,ORD-01510,CUST-0716,PROD-0054,SIZE_MISMATCH,2026-06-08T15:59:54.068933
RTN-0375,ORD-01512,CUST-0930,PROD-0380,DEFECTIVE,2026-06-13T05:22:24.068980
RTN-0376,ORD-01515,CUST-0109,PROD-0275,DESCRIPTION_MISMATCH,2026-04-30T03:19:48.069059
RTN-0377,ORD-01516,CUST-0952,PROD-0148,DESCRIPTION_MISMATCH,2026-05-01T01:40:43.069086
RTN-0378,ORD-01526,CUST-0645,PROD-0042,CHANGED_MIND,2026-06-08T00:23:40.069275
RTN-0379,ORD-01529,CUST-0402,PROD-0659,SIZE_MISMATCH,2026-04-17T03:34:52.069336
RTN-0380,ORD-01537,CUST-0348,PROD-0099,SIZE_MISMATCH,2026-05-22T06:09:11.069498
RTN-0381,ORD-01538,CUST-0065,PROD-0256,DAMAGED_IN_TRANSIT,2026-05-28T10:36:20.069527
RTN-0382,ORD-01539,CUST-0859,PROD-0534,DESCRIPTION_MISMATCH,2026-05-10T08:03:28.069554
RTN-0383,ORD-01548,CUST-0528,PROD-0699,SIZE_MISMATCH,2026-05-16T18:49:56.069735
RTN-0384,ORD-01551,CUST-0965,PROD-0183,DEFECTIVE,2026-04-19T15:20:16.069805
RTN-0385,ORD-01552,CUST-0668,PROD-0548,DESCRIPTION_MISMATCH,2026-05-21T22:40:42.069847
RTN-0386,ORD-01553,CUST-0413,PROD-0736,SIZE_MISMATCH,2026-05-07T04:25:22.069877
RTN-0387,ORD-01560,CUST-0303,PROD-0838,SIZE_MISMATCH,2026-03-28T12:10:56.070005
RTN-0388,ORD-01561,CUST-0857,PROD-0419,DEFECTIVE,2026-04-27T21:45:34.070045
RTN-0389,ORD-01562,CUST-0037,PROD-0346,SIZE_MISMATCH,2026-06-10T01:43:45.070075
RTN-0390,ORD-01567,CUST-0452,PROD-0960,SIZE_MISMATCH,2026-03-26T13:36:51.070170
RTN-0391,ORD-01571,CUST-0965,PROD-0152,DAMAGED_IN_TRANSIT,2026-05-07T01:05:01.070253
RTN-0392,ORD-01573,CUST-0299,PROD-0916,SIZE_MISMATCH,2026-04-10T12:37:29.070301
RTN-0393,ORD-01577,CUST-0541,PROD-0004,DAMAGED_IN_TRANSIT,2026-04-04T20:57:28.070386
RTN-0394,ORD-01578,CUST-0012,PROD-0432,CHANGED_MIND,2026-05-30T10:23:17.070413
RTN-0395,ORD-01583,CUST-0832,PROD-0736,SIZE_MISMATCH,2026-04-03T09:59:34.070506
RTN-0396,ORD-01587,CUST-0989,PROD-0241,SIZE_MISMATCH,2026-04-10T14:41:24.070605
RTN-0397,ORD-01594,CUST-0658,PROD-0100,DESCRIPTION_MISMATCH,2026-04-10T20:31:16.070761
RTN-0398,ORD-01599,CUST-0530,PROD-0657,SIZE_MISMATCH,2026-04-22T20:36:03.070864
RTN-0399,ORD-01600,CUST-0517,PROD-0904,SIZE_MISMATCH,2026-04-11T06:49:20.070892
RTN-0400,ORD-01608,CUST-0408,PROD-0507,SIZE_MISMATCH,2026-04-24T01:11:44.071061
RTN-0401,ORD-01621,CUST-0003,PROD-0801,DAMAGED_IN_TRANSIT,2026-06-04T16:54:04.071311
RTN-0402,ORD-01622,CUST-0202,PROD-0821,CHANGED_MIND,2026-05-02T21:39:40.071371
RTN-0403,ORD-01624,CUST-0954,PROD-0669,DEFECTIVE,2026-05-15T21:51:19.071416
RTN-0404,ORD-01628,CUST-0309,PROD-0247,DEFECTIVE,2026-05-02T23:57:19.071496
RTN-0405,ORD-01629,CUST-0196,PROD-0140,SIZE_MISMATCH,2026-05-02T10:29:27.071525
RTN-0406,ORD-01632,CUST-0940,PROD-0479,SIZE_MISMATCH,2026-06-09T07:17:28.071600
RTN-0407,ORD-01639,CUST-0873,PROD-0041,DEFECTIVE,2026-05-14T13:51:25.071747
RTN-0408,ORD-01640,CUST-0712,PROD-0267,CHANGED_MIND,2026-05-01T13:05:29.071780
RTN-0409,ORD-01648,CUST-0445,PROD-0116,DAMAGED_IN_TRANSIT,2026-04-26T00:57:11.071926
RTN-0410,ORD-01654,CUST-0399,PROD-0358,SIZE_MISMATCH,2026-04-11T05:31:05.072054
RTN-0411,ORD-01657,CUST-0368,PROD-0825,SIZE_MISMATCH,2026-06-01T02:18:26.072115
RTN-0412,ORD-01658,CUST-0226,PROD-0093,DESCRIPTION_MISMATCH,2026-05-06T14:08:16.072144
RTN-0413,ORD-01659,CUST-0452,PROD-0026,DEFECTIVE,2026-05-01T07:12:37.072171
RTN-0414,ORD-01660,CUST-0218,PROD-0750,SIZE_MISMATCH,2026-05-30T10:58:08.072212
RTN-0415,ORD-01662,CUST-0787,PROD-0966,SIZE_MISMATCH,2026-06-11T04:28:13.072259
RTN-0416,ORD-01667,CUST-0885,PROD-0033,CHANGED_MIND,2026-05-12T08:31:31.072360
RTN-0417,ORD-01684,CUST-0433,PROD-0083,SIZE_MISMATCH,2026-04-27T04:53:28.072676
RTN-0418,ORD-01688,CUST-0878,PROD-0224,DAMAGED_IN_TRANSIT,2026-04-29T18:26:29.072761
RTN-0419,ORD-01690,CUST-0509,PROD-0594,DAMAGED_IN_TRANSIT,2026-04-10T05:02:42.072814
RTN-0420,ORD-01691,CUST-0313,PROD-0292,DAMAGED_IN_TRANSIT,2026-05-29T17:16:20.072841
RTN-0421,ORD-01709,CUST-0498,PROD-0564,SIZE_MISMATCH,2026-05-25T15:53:09.073184
RTN-0422,ORD-01710,CUST-0878,PROD-0563,DAMAGED_IN_TRANSIT,2026-06-09T04:13:29.073214
RTN-0423,ORD-01713,CUST-0761,PROD-0591,DESCRIPTION_MISMATCH,2026-04-05T20:44:43.073291
RTN-0424,ORD-01720,CUST-0797,PROD-0276,DAMAGED_IN_TRANSIT,2026-04-12T01:31:19.073420
RTN-0425,ORD-01721,CUST-0876,PROD-0869,CHANGED_MIND,2026-04-12T04:10:25.073448
RTN-0426,ORD-01726,CUST-0635,PROD-0287,DAMAGED_IN_TRANSIT,2026-05-14T05:15:43.073540
RTN-0427,ORD-01728,CUST-0781,PROD-0350,DAMAGED_IN_TRANSIT,2026-06-08T07:41:09.073595
RTN-0428,ORD-01730,CUST-0348,PROD-0034,DAMAGED_IN_TRANSIT,2026-05-24T15:56:18.073643
RTN-0429,ORD-01740,CUST-0426,PROD-0354,SIZE_MISMATCH,2026-06-02T08:58:41.073847
RTN-0430,ORD-01741,CUST-0115,PROD-0144,DAMAGED_IN_TRANSIT,2026-03-31T22:54:57.073876
RTN-0431,ORD-01742,CUST-0611,PROD-0905,DESCRIPTION_MISMATCH,2026-04-16T06:18:22.073917
RTN-0432,ORD-01746,CUST-0742,PROD-0614,SIZE_MISMATCH,2026-04-06T07:14:06.074002
RTN-0433,ORD-01748,CUST-0978,PROD-0845,CHANGED_MIND,2026-05-31T18:45:22.074061
RTN-0434,ORD-01749,CUST-0004,PROD-0068,CHANGED_MIND,2026-05-22T22:28:38.074091
RTN-0435,ORD-01751,CUST-0485,PROD-0935,SIZE_MISMATCH,2026-04-13T15:33:29.074138
RTN-0436,ORD-01759,CUST-0700,PROD-0142,SIZE_MISMATCH,2026-05-10T02:55:45.074300
RTN-0437,ORD-01766,CUST-0627,PROD-0887,SIZE_MISMATCH,2026-05-15T19:58:42.074435
RTN-0438,ORD-01773,CUST-0772,PROD-0010,DEFECTIVE,2026-04-04T00:35:47.074575
RTN-0439,ORD-01776,CUST-0449,PROD-0218,SIZE_MISMATCH,2026-06-13T03:41:26.074646
RTN-0440,ORD-01788,CUST-0320,PROD-0007,DESCRIPTION_MISMATCH,2026-04-15T15:35:33.074885
RTN-0441,ORD-01789,CUST-0053,PROD-0259,SIZE_MISMATCH,2026-06-09T07:28:00.074911
RTN-0442,ORD-01790,CUST-0773,PROD-0116,DEFECTIVE,2026-05-19T07:10:14.074952
RTN-0443,ORD-01792,CUST-0401,PROD-0962,DESCRIPTION_MISMATCH,2026-04-10T09:49:18.074997
RTN-0444,ORD-01795,CUST-0191,PROD-0867,SIZE_MISMATCH,2026-04-07T17:37:22.075057
RTN-0445,ORD-01803,CUST-0292,PROD-0733,SIZE_MISMATCH,2026-06-02T08:41:56.075212
RTN-0446,ORD-01816,CUST-0824,PROD-0322,DAMAGED_IN_TRANSIT,2026-04-20T05:04:58.075455
RTN-0447,ORD-01823,CUST-0781,PROD-0280,DESCRIPTION_MISMATCH,2026-06-04T12:25:25.075686
RTN-0448,ORD-01837,CUST-0357,PROD-0846,SIZE_MISMATCH,2026-06-03T23:07:44.075938
RTN-0449,ORD-01841,CUST-0051,PROD-0864,DESCRIPTION_MISMATCH,2026-03-28T21:59:26.076012
RTN-0450,ORD-01856,CUST-0925,PROD-0369,SIZE_MISMATCH,2026-03-24T05:48:37.076270
RTN-0451,ORD-01859,CUST-0403,PROD-0074,DAMAGED_IN_TRANSIT,2026-05-21T07:11:54.076329
RTN-0452,ORD-01862,CUST-0147,PROD-0430,SIZE_MISMATCH,2026-04-28T03:01:27.076408
RTN-0453,ORD-01864,CUST-0036,PROD-0265,SIZE_MISMATCH,2026-06-14T22:05:58.076465
RTN-0454,ORD-01867,CUST-0169,PROD-0204,DEFECTIVE,2026-06-03T06:06:06.076538
RTN-0455,ORD-01870,CUST-0312,PROD-0736,SIZE_MISMATCH,2026-05-03T14:18:33.076614
RTN-0456,ORD-01875,CUST-0640,PROD-0020,DAMAGED_IN_TRANSIT,2026-04-25T21:04:38.076756
RTN-0457,ORD-01877,CUST-0698,PROD-0315,SIZE_MISMATCH,2026-04-29T19:58:31.076836
RTN-0458,ORD-01883,CUST-0623,PROD-0565,SIZE_MISMATCH,2026-06-02T04:12:30.077016
RTN-0459,ORD-01884,CUST-0444,PROD-0237,DESCRIPTION_MISMATCH,2026-05-14T16:26:36.077058
RTN-0460,ORD-01885,CUST-0232,PROD-0798,DEFECTIVE,2026-05-07T04:22:32.077112
RTN-0461,ORD-01889,CUST-0752,PROD-0957,DAMAGED_IN_TRANSIT,2026-06-11T03:36:59.077207
RTN-0462,ORD-01891,CUST-0402,PROD-0541,SIZE_MISMATCH,2026-05-23T09:22:38.077256
RTN-0463,ORD-01894,CUST-0122,PROD-0223,DEFECTIVE,2026-06-07T14:16:41.077328
RTN-0464,ORD-01895,CUST-0990,PROD-0414,DESCRIPTION_MISMATCH,2026-05-09T18:03:27.077358
RTN-0465,ORD-01909,CUST-0619,PROD-0803,SIZE_MISMATCH,2026-06-05T17:01:48.077657
RTN-0466,ORD-01934,CUST-0136,PROD-0119,CHANGED_MIND,2026-06-05T21:29:01.078247
RTN-0467,ORD-01935,CUST-0688,PROD-0713,SIZE_MISMATCH,2026-04-26T13:57:00.078288
RTN-0468,ORD-01950,CUST-0614,PROD-0128,SIZE_MISMATCH,2026-05-09T15:45:11.078734
RTN-0469,ORD-01954,CUST-0545,PROD-0059,SIZE_MISMATCH,2026-04-24T23:51:28.078878
RTN-0470,ORD-01970,CUST-0258,PROD-0065,DESCRIPTION_MISMATCH,2026-06-02T23:41:35.079271
RTN-0471,ORD-01972,CUST-0733,PROD-0980,DAMAGED_IN_TRANSIT,2026-05-05T01:14:48.079332
RTN-0472,ORD-01975,CUST-0483,PROD-0844,SIZE_MISMATCH,2026-04-08T10:09:15.079408
RTN-0473,ORD-01976,CUST-0559,PROD-0748,SIZE_MISMATCH,2026-05-26T03:45:46.079437
RTN-0474,ORD-01977,CUST-0369,PROD-0859,CHANGED_MIND,2026-04-09T11:35:11.079469
RTN-0475,ORD-01978,CUST-0375,PROD-0065,DESCRIPTION_MISMATCH,2026-06-06T00:23:28.079501
RTN-0476,ORD-01981,CUST-0402,PROD-0440,SIZE_MISMATCH,2026-06-17T23:19:26.079581
RTN-0477,ORD-01988,CUST-0028,PROD-0393,DAMAGED_IN_TRANSIT,2026-04-23T23:12:02.079762
RTN-0478,ORD-01989,CUST-0998,PROD-0548,DESCRIPTION_MISMATCH,2026-04-02T08:01:53.079804
RTN-0479,ORD-01991,CUST-0436,PROD-0431,DEFECTIVE,2026-03-30T20:17:59.079859
RTN-0480,ORD-01993,CUST-0761,PROD-0538,CHANGED_MIND,2026-04-25T02:02:50.079916
RTN-0481,ORD-01997,CUST-0344,PROD-0078,DESCRIPTION_MISMATCH,2026-05-28T17:47:08.080019
RTN-0482,ORD-01998,CUST-0800,PROD-0943,SIZE_MISMATCH,2026-04-18T02:29:28.080049
RTN-0483,ORD-01999,CUST-0800,PROD-0919,SIZE_MISMATCH,2026-04-10T04:42:51.080083
RTN-0484,ORD-02002,CUST-0081,PROD-0299,CHANGED_MIND,2026-04-05T00:13:32.080176
RTN-0485,ORD-02010,CUST-0049,PROD-0527,CHANGED_MIND,2026-04-05T13:10:45.080401
RTN-0486,ORD-02012,CUST-0878,PROD-0984,SIZE_MISMATCH,2026-05-14T19:39:00.080463
RTN-0487,ORD-02019,CUST-0701,PROD-0537,DAMAGED_IN_TRANSIT,2026-04-25T21:51:15.080604
RTN-0488,ORD-02023,CUST-0757,PROD-0806,SIZE_MISMATCH,2026-04-26T03:49:09.080733
RTN-0489,ORD-02033,CUST-0578,PROD-0041,DEFECTIVE,2026-05-11T12:00:27.080930
RTN-0490,ORD-02038,CUST-0175,PROD-0232,SIZE_MISMATCH,2026-04-02T01:22:40.081042
RTN-0491,ORD-02039,CUST-0113,PROD-0752,SIZE_MISMATCH,2026-06-11T17:07:03.081079
RTN-0492,ORD-02040,CUST-0881,PROD-0119,SIZE_MISMATCH,2026-04-12T16:01:34.081110
RTN-0493,ORD-02041,CUST-0026,PROD-0402,DEFECTIVE,2026-05-16T21:36:48.081147
RTN-0494,ORD-02043,CUST-0099,PROD-0758,DEFECTIVE,2026-05-21T03:45:29.081196
RTN-0495,ORD-02045,CUST-0573,PROD-0506,DESCRIPTION_MISMATCH,2026-05-10T09:06:28.081245
RTN-0496,ORD-02047,CUST-0080,PROD-0246,DEFECTIVE,2026-04-30T17:39:13.081301
RTN-0497,ORD-02067,CUST-0372,PROD-0442,DAMAGED_IN_TRANSIT,2026-06-08T12:26:42.081740
RTN-0498,ORD-02073,CUST-0898,PROD-0518,CHANGED_MIND,2026-04-14T10:36:55.081860
RTN-0499,ORD-02078,CUST-0831,PROD-0171,DESCRIPTION_MISMATCH,2026-06-12T18:22:58.082024
RTN-0500,ORD-02080,CUST-0597,PROD-0970,CHANGED_MIND,2026-04-03T01:24:08.082068
RTN-0501,ORD-02082,CUST-0229,PROD-0991,SIZE_MISMATCH,2026-05-09T14:16:58.082121
RTN-0502,ORD-02083,CUST-0487,PROD-0060,SIZE_MISMATCH,2026-06-04T11:57:19.082158
RTN-0503,ORD-02084,CUST-0585,PROD-0659,SIZE_MISMATCH,2026-05-21T03:10:24.082192
RTN-0504,ORD-02085,CUST-0991,PROD-0849,SIZE_MISMATCH,2026-06-07T01:36:31.082226
RTN-0505,ORD-02088,CUST-0016,PROD-0055,SIZE_MISMATCH,2026-04-19T04:26:06.082290
RTN-0506,ORD-02089,CUST-0100,PROD-0116,SIZE_MISMATCH,2026-06-04T23:17:53.082318
RTN-0507,ORD-02098,CUST-0452,PROD-0807,DEFECTIVE,2026-04-05T00:14:33.082491
RTN-0508,ORD-02099,CUST-0590,PROD-0183,DAMAGED_IN_TRANSIT,2026-06-04T09:19:26.082520
RTN-0509,ORD-02118,CUST-0026,PROD-0978,SIZE_MISMATCH,2026-05-16T03:52:40.082888
RTN-0510,ORD-02122,CUST-0447,PROD-0137,CHANGED_MIND,2026-04-12T08:33:52.082968
RTN-0511,ORD-02131,CUST-0098,PROD-0018,SIZE_MISMATCH,2026-04-20T13:58:32.083133
RTN-0512,ORD-02142,CUST-0469,PROD-0819,DAMAGED_IN_TRANSIT,2026-06-08T12:29:08.083349
RTN-0513,ORD-02144,CUST-0479,PROD-0456,DESCRIPTION_MISMATCH,2026-03-30T10:13:39.083393
RTN-0514,ORD-02149,CUST-0887,PROD-0942,DEFECTIVE,2026-05-13T02:34:18.083486
RTN-0515,ORD-02153,CUST-0667,PROD-0769,DESCRIPTION_MISMATCH,2026-05-20T07:43:16.083575
RTN-0516,ORD-02154,CUST-0951,PROD-0758,CHANGED_MIND,2026-05-18T19:59:24.083617
RTN-0517,ORD-02156,CUST-0446,PROD-0353,SIZE_MISMATCH,2026-04-24T18:15:09.083678
RTN-0518,ORD-02159,CUST-0343,PROD-0710,DAMAGED_IN_TRANSIT,2026-04-25T20:45:55.083755
RTN-0519,ORD-02161,CUST-0641,PROD-0776,DEFECTIVE,2026-04-26T02:38:24.083805
RTN-0520,ORD-02165,CUST-0746,PROD-0792,DEFECTIVE,2026-05-01T13:51:01.083882
RTN-0521,ORD-02169,CUST-0021,PROD-0941,DEFECTIVE,2026-05-06T08:05:39.083962
RTN-0522,ORD-02172,CUST-0523,PROD-0889,DAMAGED_IN_TRANSIT,2026-04-29T02:10:55.084044
RTN-0523,ORD-02181,CUST-0173,PROD-0995,DEFECTIVE,2026-06-05T21:52:31.084217
RTN-0524,ORD-02182,CUST-0179,PROD-0801,DEFECTIVE,2026-04-04T12:13:17.084246
RTN-0525,ORD-02196,CUST-0434,PROD-0413,SIZE_MISMATCH,2026-04-18T06:36:56.084502
RTN-0526,ORD-02200,CUST-0432,PROD-0265,CHANGED_MIND,2026-05-15T21:17:16.084593
RTN-0527,ORD-02202,CUST-0532,PROD-0144,DESCRIPTION_MISMATCH,2026-04-06T04:31:47.084638
RTN-0528,ORD-02211,CUST-0445,PROD-0636,CHANGED_MIND,2026-03-27T17:23:44.084812
RTN-0529,ORD-02215,CUST-0545,PROD-0975,DESCRIPTION_MISMATCH,2026-04-07T12:19:50.084904
RTN-0530,ORD-02223,CUST-0156,PROD-0022,SIZE_MISMATCH,2026-04-12T05:35:00.085054
RTN-0531,ORD-02227,CUST-0436,PROD-0736,SIZE_MISMATCH,2026-04-24T19:40:48.085133
RTN-0532,ORD-02234,CUST-0574,PROD-0751,SIZE_MISMATCH,2026-06-09T04:05:32.085268
RTN-0533,ORD-02236,CUST-0878,PROD-0494,SIZE_MISMATCH,2026-05-04T11:57:13.085319
RTN-0534,ORD-02243,CUST-1000,PROD-0740,SIZE_MISMATCH,2026-04-28T22:54:38.085451
RTN-0535,ORD-02247,CUST-0113,PROD-0676,DEFECTIVE,2026-06-15T19:57:41.085530
RTN-0536,ORD-02250,CUST-0337,PROD-0076,DEFECTIVE,2026-04-10T15:45:08.085651
RTN-0537,ORD-02257,CUST-0818,PROD-0324,CHANGED_MIND,2026-04-27T00:16:23.085823
RTN-0538,ORD-02261,CUST-0515,PROD-0874,DEFECTIVE,2026-04-11T04:10:06.085909
RTN-0539,ORD-02264,CUST-0726,PROD-0628,SIZE_MISMATCH,2026-04-13T16:50:58.085994
RTN-0540,ORD-02265,CUST-0662,PROD-0154,DEFECTIVE,2026-05-09T20:15:24.086027
RTN-0541,ORD-02274,CUST-0341,PROD-0366,SIZE_MISMATCH,2026-05-27T20:17:02.086226
RTN-0542,ORD-02278,CUST-0770,PROD-0962,DAMAGED_IN_TRANSIT,2026-05-18T05:43:38.086316
RTN-0543,ORD-02291,CUST-0385,PROD-0921,DESCRIPTION_MISMATCH,2026-06-06T04:56:44.086588
RTN-0544,ORD-02311,CUST-0213,PROD-0430,SIZE_MISMATCH,2026-06-11T08:09:45.087232
RTN-0545,ORD-02313,CUST-0201,PROD-0819,SIZE_MISMATCH,2026-06-06T20:46:59.087329
RTN-0546,ORD-02316,CUST-0665,PROD-0141,SIZE_MISMATCH,2026-05-26T20:35:08.087442
RTN-0547,ORD-02318,CUST-0914,PROD-0479,DESCRIPTION_MISMATCH,2026-04-04T21:52:32.087508
RTN-0548,ORD-02319,CUST-0432,PROD-0748,DAMAGED_IN_TRANSIT,2026-05-13T06:09:55.087572
RTN-0549,ORD-02320,CUST-0317,PROD-0288,SIZE_MISMATCH,2026-04-30T11:08:10.087628
RTN-0550,ORD-02329,CUST-0838,PROD-0393,DESCRIPTION_MISMATCH,2026-05-12T09:50:02.087996
RTN-0551,ORD-02333,CUST-0963,PROD-0170,DESCRIPTION_MISMATCH,2026-05-23T07:07:16.088147
RTN-0552,ORD-02334,CUST-0694,PROD-0357,DESCRIPTION_MISMATCH,2026-05-29T10:35:06.088222
RTN-0553,ORD-02338,CUST-0991,PROD-0225,DESCRIPTION_MISMATCH,2026-04-18T08:17:11.088368
RTN-0554,ORD-02344,CUST-0053,PROD-0695,CHANGED_MIND,2026-04-06T05:44:04.088608
RTN-0555,ORD-02346,CUST-0621,PROD-0812,SIZE_MISMATCH,2026-05-26T18:54:32.088735
RTN-0556,ORD-02353,CUST-0446,PROD-0143,DEFECTIVE,2026-06-03T02:36:31.088987
RTN-0557,ORD-02358,CUST-0308,PROD-0812,SIZE_MISMATCH,2026-03-30T05:50:45.089176
RTN-0558,ORD-02363,CUST-0562,PROD-0562,SIZE_MISMATCH,2026-04-29T17:35:33.089331
RTN-0559,ORD-02364,CUST-0679,PROD-0472,CHANGED_MIND,2026-03-30T01:40:24.089388
RTN-0560,ORD-02365,CUST-0047,PROD-0882,SIZE_MISMATCH,2026-06-06T02:52:42.089464
RTN-0561,ORD-02367,CUST-0305,PROD-0438,CHANGED_MIND,2026-05-20T00:14:31.089535
RTN-0562,ORD-02369,CUST-0410,PROD-0485,DAMAGED_IN_TRANSIT,2026-04-13T08:12:22.089627
RTN-0563,ORD-02375,CUST-0324,PROD-0576,CHANGED_MIND,2026-06-05T14:47:57.089903
RTN-0564,ORD-02379,CUST-0140,PROD-0781,SIZE_MISMATCH,2026-06-01T14:18:43.090030
RTN-0565,ORD-02382,CUST-0260,PROD-0515,DESCRIPTION_MISMATCH,2026-05-23T03:55:14.090116
RTN-0566,ORD-02389,CUST-0769,PROD-0682,SIZE_MISMATCH,2026-04-23T02:25:53.090318
RTN-0567,ORD-02391,CUST-0895,PROD-0741,SIZE_MISMATCH,2026-04-16T15:15:58.090380
RTN-0568,ORD-02398,CUST-0031,PROD-0110,CHANGED_MIND,2026-06-07T05:09:10.090517
RTN-0569,ORD-02413,CUST-0165,PROD-0756,DEFECTIVE,2026-05-24T02:05:57.090916
RTN-0570,ORD-02416,CUST-0296,PROD-0302,SIZE_MISMATCH,2026-04-18T06:29:16.091034
RTN-0571,ORD-02420,CUST-0582,PROD-0912,CHANGED_MIND,2026-05-31T00:18:05.091117
RTN-0572,ORD-02424,CUST-0630,PROD-0933,DESCRIPTION_MISMATCH,2026-04-01T11:17:01.091197
RTN-0573,ORD-02431,CUST-0918,PROD-0520,SIZE_MISMATCH,2026-05-17T20:40:11.091359
RTN-0574,ORD-02433,CUST-0170,PROD-0534,SIZE_MISMATCH,2026-05-01T00:02:00.091419
RTN-0575,ORD-02436,CUST-0928,PROD-0532,SIZE_MISMATCH,2026-04-24T22:46:49.091486
RTN-0576,ORD-02445,CUST-0943,PROD-0854,CHANGED_MIND,2026-04-28T03:51:37.091697
RTN-0577,ORD-02454,CUST-0933,PROD-0530,CHANGED_MIND,2026-04-15T17:10:32.091878
RTN-0578,ORD-02457,CUST-0211,PROD-0846,SIZE_MISMATCH,2026-06-03T17:50:20.091953
RTN-0579,ORD-02469,CUST-0234,PROD-0587,SIZE_MISMATCH,2026-03-27T03:56:24.092287
RTN-0580,ORD-02481,CUST-0933,PROD-0107,SIZE_MISMATCH,2026-05-01T02:16:17.092601
RTN-0581,ORD-02483,CUST-0599,PROD-0236,SIZE_MISMATCH,2026-06-03T04:48:21.092714
RTN-0582,ORD-02490,CUST-0101,PROD-0363,SIZE_MISMATCH,2026-04-10T18:21:02.092869
RTN-0583,ORD-02494,CUST-0991,PROD-0508,SIZE_MISMATCH,2026-05-21T09:43:36.092960
RTN-0584,ORD-02495,CUST-0871,PROD-0553,DESCRIPTION_MISMATCH,2026-06-01T03:18:42.093005
RTN-0585,ORD-02499,CUST-0673,PROD-0292,DAMAGED_IN_TRANSIT,2026-05-03T18:16:07.093108
RTN-0586,ORD-02503,CUST-0781,PROD-0167,DESCRIPTION_MISMATCH,2026-04-21T16:33:40.093197
RTN-0587,ORD-02504,CUST-0265,PROD-0256,DAMAGED_IN_TRANSIT,2026-03-25T13:35:14.093226
RTN-0588,ORD-02510,CUST-0395,PROD-0526,SIZE_MISMATCH,2026-06-12T22:15:27.093344
RTN-0589,ORD-02517,CUST-0026,PROD-0885,SIZE_MISMATCH,2026-03-29T12:46:05.093491
RTN-0590,ORD-02538,CUST-0195,PROD-0786,SIZE_MISMATCH,2026-05-06T13:21:41.093979
RTN-0591,ORD-02540,CUST-0905,PROD-0353,SIZE_MISMATCH,2026-05-14T23:36:19.094053
RTN-0592,ORD-02547,CUST-0595,PROD-0693,SIZE_MISMATCH,2026-05-18T08:09:15.094202
RTN-0593,ORD-02551,CUST-0617,PROD-0024,SIZE_MISMATCH,2026-04-25T00:46:26.094286
RTN-0594,ORD-02552,CUST-0284,PROD-0665,DEFECTIVE,2026-06-09T01:29:55.094336
RTN-0595,ORD-02556,CUST-0974,PROD-0335,CHANGED_MIND,2026-04-18T13:20:16.094437
RTN-0596,ORD-02564,CUST-0822,PROD-0727,SIZE_MISMATCH,2026-06-06T22:47:48.094702
RTN-0597,ORD-02565,CUST-0028,PROD-0153,DESCRIPTION_MISMATCH,2026-06-18T17:08:36.094754
RTN-0598,ORD-02566,CUST-0059,PROD-0309,DEFECTIVE,2026-03-29T05:19:50.094806
RTN-0599,ORD-02567,CUST-0455,PROD-0411,SIZE_MISMATCH,2026-05-10T00:19:15.094847
RTN-0600,ORD-02570,CUST-0842,PROD-0657,SIZE_MISMATCH,2026-05-16T01:23:15.094945
RTN-0601,ORD-02572,CUST-0778,PROD-0903,SIZE_MISMATCH,2026-05-29T18:51:33.095037
RTN-0602,ORD-02573,CUST-0944,PROD-0711,DAMAGED_IN_TRANSIT,2026-04-03T02:38:31.095083
RTN-0603,ORD-02576,CUST-0288,PROD-0550,SIZE_MISMATCH,2026-06-16T02:34:15.095191
RTN-0604,ORD-02579,CUST-0480,PROD-0580,DEFECTIVE,2026-06-02T14:24:02.095277
RTN-0605,ORD-02580,CUST-0147,PROD-0661,DAMAGED_IN_TRANSIT,2026-04-04T06:01:40.095325
RTN-0606,ORD-02589,CUST-1000,PROD-0441,DESCRIPTION_MISMATCH,2026-05-13T21:18:51.095604
RTN-0607,ORD-02596,CUST-0882,PROD-0670,DESCRIPTION_MISMATCH,2026-06-02T02:54:38.095829
RTN-0608,ORD-02599,CUST-0641,PROD-0553,DAMAGED_IN_TRANSIT,2026-05-29T14:48:34.095909
RTN-0609,ORD-02607,CUST-0666,PROD-0904,SIZE_MISMATCH,2026-04-11T05:03:42.096090
RTN-0610,ORD-02609,CUST-0999,PROD-0424,DESCRIPTION_MISMATCH,2026-04-14T20:52:04.096147
RTN-0611,ORD-02611,CUST-0597,PROD-0232,SIZE_MISMATCH,2026-04-30T11:11:35.096206
RTN-0612,ORD-02616,CUST-0271,PROD-0851,SIZE_MISMATCH,2026-05-17T16:58:34.096313
RTN-0613,ORD-02619,CUST-0598,PROD-0621,CHANGED_MIND,2026-05-03T04:16:40.096404
RTN-0614,ORD-02620,CUST-0584,PROD-0605,SIZE_MISMATCH,2026-04-06T09:02:25.096438
RTN-0615,ORD-02624,CUST-0438,PROD-0795,SIZE_MISMATCH,2026-04-16T14:14:29.096529
RTN-0616,ORD-02627,CUST-0985,PROD-0606,DESCRIPTION_MISMATCH,2026-05-15T21:22:07.096600
RTN-0617,ORD-02644,CUST-0889,PROD-0023,DAMAGED_IN_TRANSIT,2026-05-18T00:21:55.097031
RTN-0618,ORD-02646,CUST-0270,PROD-0959,DESCRIPTION_MISMATCH,2026-05-22T21:43:28.097110
RTN-0619,ORD-02655,CUST-0375,PROD-0162,SIZE_MISMATCH,2026-05-14T16:37:16.097302
RTN-0620,ORD-02656,CUST-0735,PROD-0973,DAMAGED_IN_TRANSIT,2026-04-30T09:41:23.097341
RTN-0621,ORD-02659,CUST-0832,PROD-0497,DESCRIPTION_MISMATCH,2026-05-19T11:27:33.097411
RTN-0622,ORD-02662,CUST-0433,PROD-0483,SIZE_MISMATCH,2026-04-18T18:31:13.097474
RTN-0623,ORD-02664,CUST-0516,PROD-0300,SIZE_MISMATCH,2026-04-16T19:53:49.097533
RTN-0624,ORD-02673,CUST-0544,PROD-0396,DEFECTIVE,2026-05-24T21:59:59.097746
RTN-0625,ORD-02682,CUST-0360,PROD-0298,SIZE_MISMATCH,2026-05-13T23:41:10.097937
RTN-0626,ORD-02687,CUST-0243,PROD-0849,DEFECTIVE,2026-04-13T18:40:32.098092
RTN-0627,ORD-02690,CUST-0578,PROD-0103,CHANGED_MIND,2026-05-09T17:55:05.098223
RTN-0628,ORD-02691,CUST-0836,PROD-0656,DESCRIPTION_MISMATCH,2026-06-12T14:57:48.098255
RTN-0629,ORD-02692,CUST-0670,PROD-0796,DEFECTIVE,2026-05-14T21:44:38.098286
RTN-0630,ORD-02703,CUST-0901,PROD-0791,SIZE_MISMATCH,2026-06-11T10:45:23.098508
RTN-0631,ORD-02706,CUST-0736,PROD-0098,DEFECTIVE,2026-05-12T23:20:59.098588
RTN-0632,ORD-02707,CUST-0175,PROD-0330,CHANGED_MIND,2026-03-27T13:35:53.098628
RTN-0633,ORD-02708,CUST-0625,PROD-0718,DAMAGED_IN_TRANSIT,2026-06-07T23:36:06.098659
RTN-0634,ORD-02716,CUST-0870,PROD-0317,DAMAGED_IN_TRANSIT,2026-04-18T16:09:02.098843
RTN-0635,ORD-02719,CUST-0643,PROD-0945,SIZE_MISMATCH,2026-03-30T12:50:21.098917
RTN-0636,ORD-02720,CUST-0257,PROD-0461,DEFECTIVE,2026-04-05T21:36:52.098958
RTN-0637,ORD-02722,CUST-0766,PROD-0121,DESCRIPTION_MISMATCH,2026-05-30T17:38:08.099008
RTN-0638,ORD-02724,CUST-0831,PROD-0675,SIZE_MISMATCH,2026-06-05T08:41:12.099058
RTN-0639,ORD-02735,CUST-0105,PROD-0477,DEFECTIVE,2026-05-05T18:43:17.099274
RTN-0640,ORD-02738,CUST-0014,PROD-0821,DAMAGED_IN_TRANSIT,2026-03-29T07:29:19.099348
RTN-0641,ORD-02739,CUST-0650,PROD-0020,DAMAGED_IN_TRANSIT,2026-04-17T15:02:17.099390
RTN-0642,ORD-02741,CUST-0823,PROD-0863,SIZE_MISMATCH,2026-06-08T20:57:32.099438
RTN-0643,ORD-02745,CUST-0044,PROD-0439,DAMAGED_IN_TRANSIT,2026-05-26T18:28:32.099542
RTN-0644,ORD-02747,CUST-0101,PROD-0161,CHANGED_MIND,2026-06-08T08:04:41.099594
RTN-0645,ORD-02754,CUST-0218,PROD-0471,DESCRIPTION_MISMATCH,2026-06-07T07:18:22.099749
RTN-0646,ORD-02762,CUST-0037,PROD-0733,SIZE_MISMATCH,2026-04-05T11:35:31.099972
RTN-0647,ORD-02764,CUST-0098,PROD-0388,DAMAGED_IN_TRANSIT,2026-05-12T03:53:36.100031
RTN-0648,ORD-02773,CUST-0363,PROD-0680,DEFECTIVE,2026-06-01T13:01:40.100210
RTN-0649,ORD-02785,CUST-0221,PROD-0866,SIZE_MISMATCH,2026-04-16T20:43:16.100504
RTN-0650,ORD-02796,CUST-0104,PROD-0401,SIZE_MISMATCH,2026-03-27T17:41:27.100793
RTN-0651,ORD-02797,CUST-0651,PROD-0862,DESCRIPTION_MISMATCH,2026-05-27T13:47:10.100828
RTN-0652,ORD-02802,CUST-0777,PROD-0115,DESCRIPTION_MISMATCH,2026-05-17T08:56:46.100951
RTN-0653,ORD-02814,CUST-0520,PROD-0666,DEFECTIVE,2026-05-13T16:43:55.101170
RTN-0654,ORD-02821,CUST-0022,PROD-0406,DESCRIPTION_MISMATCH,2026-05-14T21:14:08.101321
RTN-0655,ORD-02826,CUST-0040,PROD-0489,SIZE_MISMATCH,2026-05-19T00:03:57.101431
RTN-0656,ORD-02828,CUST-0445,PROD-0875,CHANGED_MIND,2026-06-06T12:22:58.101477
RTN-0657,ORD-02839,CUST-0916,PROD-0301,DESCRIPTION_MISMATCH,2026-05-22T08:27:24.101723
RTN-0658,ORD-02847,CUST-0493,PROD-0664,CHANGED_MIND,2026-05-09T23:58:27.101890
RTN-0659,ORD-02848,CUST-0460,PROD-0827,SIZE_MISMATCH,2026-06-10T10:20:14.101927
RTN-0660,ORD-02878,CUST-0645,PROD-0119,SIZE_MISMATCH,2026-06-16T03:43:26.102511
RTN-0661,ORD-02891,CUST-0951,PROD-0012,DAMAGED_IN_TRANSIT,2026-05-10T05:53:19.102830
RTN-0662,ORD-02892,CUST-0998,PROD-0451,DESCRIPTION_MISMATCH,2026-06-06T16:05:29.102864
RTN-0663,ORD-02894,CUST-0664,PROD-0454,DAMAGED_IN_TRANSIT,2026-05-05T17:04:12.102933
RTN-0664,ORD-02902,CUST-0715,PROD-0858,SIZE_MISMATCH,2026-05-31T06:26:53.103137
RTN-0665,ORD-02904,CUST-0562,PROD-0561,DESCRIPTION_MISMATCH,2026-06-05T03:26:30.103202
RTN-0666,ORD-02912,CUST-0210,PROD-0570,CHANGED_MIND,2026-04-06T00:59:30.103372
RTN-0667,ORD-02922,CUST-0458,PROD-0201,DAMAGED_IN_TRANSIT,2026-06-14T20:52:14.103566
RTN-0668,ORD-02925,CUST-0432,PROD-0916,SIZE_MISMATCH,2026-06-11T22:22:05.103636
RTN-0669,ORD-02926,CUST-0459,PROD-0440,DEFECTIVE,2026-05-10T09:37:59.103690
RTN-0670,ORD-02933,CUST-0445,PROD-0155,DEFECTIVE,2026-05-07T17:23:15.103836
RTN-0671,ORD-02938,CUST-0200,PROD-0760,DAMAGED_IN_TRANSIT,2026-03-25T21:58:57.103937
RTN-0672,ORD-02940,CUST-0813,PROD-0103,DESCRIPTION_MISMATCH,2026-04-10T07:39:39.103981
RTN-0673,ORD-02942,CUST-0572,PROD-0418,DAMAGED_IN_TRANSIT,2026-05-04T09:30:26.104025
RTN-0674,ORD-02950,CUST-0639,PROD-0808,CHANGED_MIND,2026-04-21T21:10:26.104193
RTN-0675,ORD-02958,CUST-0285,PROD-0953,DAMAGED_IN_TRANSIT,2026-04-23T04:36:30.104342
RTN-0676,ORD-02960,CUST-0717,PROD-0253,DEFECTIVE,2026-04-25T11:35:44.104393
RTN-0677,ORD-02969,CUST-0183,PROD-0403,SIZE_MISMATCH,2026-04-24T01:18:02.104562
RTN-0678,ORD-02970,CUST-0521,PROD-0992,DEFECTIVE,2026-06-05T15:21:42.104591
RTN-0679,ORD-02971,CUST-0674,PROD-0715,SIZE_MISMATCH,2026-05-21T19:05:00.104617
RTN-0680,ORD-02972,CUST-0554,PROD-0954,DESCRIPTION_MISMATCH,2026-06-04T18:47:20.104651
RTN-0681,ORD-02974,CUST-0188,PROD-0889,SIZE_MISMATCH,2026-03-30T01:24:43.104721
RTN-0682,ORD-02983,CUST-0463,PROD-0907,DEFECTIVE,2026-05-20T11:39:32.104889
RTN-0683,ORD-02986,CUST-0907,PROD-0477,SIZE_MISMATCH,2026-04-07T20:29:59.104954
RTN-0684,ORD-02987,CUST-0220,PROD-0140,DAMAGED_IN_TRANSIT,2026-05-31T16:42:19.104983
RTN-0685,ORD-02988,CUST-0098,PROD-0793,SIZE_MISMATCH,2026-05-02T09:39:17.105017
RTN-0686,ORD-02996,CUST-0814,PROD-0555,CHANGED_MIND,2026-04-02T00:38:37.105167
RTN-0687,ORD-02997,CUST-0215,PROD-0398,CHANGED_MIND,2026-05-06T11:45:40.105195
RTN-0688,ORD-03001,CUST-0110,PROD-0872,DESCRIPTION_MISMATCH,2026-03-22T12:30:44.105288
RTN-0689,ORD-03002,CUST-0083,PROD-0740,DESCRIPTION_MISMATCH,2026-04-08T12:00:17.105315
RTN-0690,ORD-03007,CUST-0276,PROD-0484,DESCRIPTION_MISMATCH,2026-04-02T03:04:25.105430
RTN-0691,ORD-03012,CUST-0566,PROD-0657,DAMAGED_IN_TRANSIT,2026-05-27T17:54:28.105529
RTN-0692,ORD-03013,CUST-0957,PROD-0936,DAMAGED_IN_TRANSIT,2026-04-27T10:25:58.105556
RTN-0693,ORD-03014,CUST-0576,PROD-0154,DAMAGED_IN_TRANSIT,2026-04-19T11:08:27.105584
RTN-0694,ORD-03017,CUST-0110,PROD-0030,CHANGED_MIND,2026-05-26T03:35:14.105677
RTN-0695,ORD-03018,CUST-0906,PROD-0566,CHANGED_MIND,2026-04-25T06:13:29.105706
RTN-0696,ORD-03019,CUST-0566,PROD-0631,DAMAGED_IN_TRANSIT,2026-04-10T13:24:06.105740
RTN-0697,ORD-03020,CUST-0551,PROD-0546,SIZE_MISMATCH,2026-04-21T00:28:59.105783
RTN-0698,ORD-03028,CUST-0814,PROD-0222,SIZE_MISMATCH,2026-03-31T20:16:58.105935
RTN-0699,ORD-03033,CUST-0482,PROD-0474,SIZE_MISMATCH,2026-05-14T11:33:04.106035
RTN-0700,ORD-03037,CUST-0129,PROD-0938,SIZE_MISMATCH,2026-04-12T22:12:01.106120
RTN-0701,ORD-03042,CUST-0776,PROD-0985,DAMAGED_IN_TRANSIT,2026-04-23T07:16:32.106217
RTN-0702,ORD-03044,CUST-0507,PROD-0745,DESCRIPTION_MISMATCH,2026-06-14T12:25:56.106271
RTN-0703,ORD-03045,CUST-0921,PROD-0112,DAMAGED_IN_TRANSIT,2026-05-05T14:30:56.106300
RTN-0704,ORD-03048,CUST-0336,PROD-0154,DAMAGED_IN_TRANSIT,2026-05-24T06:07:32.106361
RTN-0705,ORD-03050,CUST-0904,PROD-0802,DESCRIPTION_MISMATCH,2026-05-14T07:55:49.106405
RTN-0706,ORD-03055,CUST-0998,PROD-0775,CHANGED_MIND,2026-04-30T15:23:28.106509
RTN-0707,ORD-03063,CUST-0689,PROD-0445,DESCRIPTION_MISMATCH,2026-04-27T11:40:44.106656
RTN-0708,ORD-03064,CUST-0454,PROD-0086,DEFECTIVE,2026-03-28T10:49:16.106695
RTN-0709,ORD-03068,CUST-0185,PROD-0474,CHANGED_MIND,2026-03-18T08:35:56.106774
RTN-0710,ORD-03073,CUST-0895,PROD-0137,DESCRIPTION_MISMATCH,2026-04-08T04:33:39.106874
RTN-0711,ORD-03075,CUST-0754,PROD-0790,SIZE_MISMATCH,2026-03-27T18:46:39.106922
RTN-0712,ORD-03078,CUST-0265,PROD-0736,SIZE_MISMATCH,2026-03-30T18:32:24.106983
RTN-0713,ORD-03081,CUST-0288,PROD-0648,DESCRIPTION_MISMATCH,2026-05-06T17:18:51.107046
RTN-0714,ORD-03084,CUST-0375,PROD-0186,DESCRIPTION_MISMATCH,2026-04-04T16:28:16.107119
RTN-0715,ORD-03085,CUST-0333,PROD-0655,SIZE_MISMATCH,2026-04-29T13:51:45.107147
RTN-0716,ORD-03099,CUST-0430,PROD-0249,SIZE_MISMATCH,2026-06-09T16:49:52.107408
RTN-0717,ORD-03102,CUST-0485,PROD-0600,CHANGED_MIND,2026-03-31T21:37:51.107475
RTN-0718,ORD-03107,CUST-0467,PROD-0680,DEFECTIVE,2026-04-12T15:32:43.107570
RTN-0719,ORD-03110,CUST-0902,PROD-0383,SIZE_MISMATCH,2026-05-21T17:35:28.107657
RTN-0720,ORD-03120,CUST-0902,PROD-0696,CHANGED_MIND,2026-05-29T11:59:19.107999
RTN-0721,ORD-03130,CUST-0415,PROD-0583,DAMAGED_IN_TRANSIT,2026-04-11T19:21:21.108303
RTN-0722,ORD-03135,CUST-0153,PROD-0763,SIZE_MISMATCH,2026-04-19T12:37:46.108422
RTN-0723,ORD-03140,CUST-0561,PROD-0431,DEFECTIVE,2026-04-15T22:49:58.108532
RTN-0724,ORD-03142,CUST-0987,PROD-0394,SIZE_MISMATCH,2026-05-19T10:21:58.108581
RTN-0725,ORD-03143,CUST-0362,PROD-0073,DEFECTIVE,2026-05-29T11:33:38.108608
RTN-0726,ORD-03154,CUST-0295,PROD-0663,SIZE_MISMATCH,2026-06-12T18:13:41.108861
RTN-0727,ORD-03158,CUST-0321,PROD-0713,SIZE_MISMATCH,2026-05-05T04:56:26.108945
RTN-0728,ORD-03160,CUST-0232,PROD-0902,SIZE_MISMATCH,2026-06-03T12:22:51.108994
RTN-0729,ORD-03164,CUST-0647,PROD-0319,SIZE_MISMATCH,2026-05-03T05:14:58.109071
RTN-0730,ORD-03173,CUST-0834,PROD-0074,DAMAGED_IN_TRANSIT,2026-05-11T11:57:21.109341
RTN-0731,ORD-03174,CUST-0928,PROD-0663,DEFECTIVE,2026-05-18T17:35:06.109373
RTN-0732,ORD-03182,CUST-0568,PROD-0067,DESCRIPTION_MISMATCH,2026-05-18T21:08:14.109530
RTN-0733,ORD-03187,CUST-0514,PROD-0663,DEFECTIVE,2026-04-27T05:10:04.109647
RTN-0734,ORD-03190,CUST-0093,PROD-0940,SIZE_MISMATCH,2026-06-04T16:38:30.109749
RTN-0735,ORD-03203,CUST-0804,PROD-0003,DESCRIPTION_MISMATCH,2026-04-18T19:55:38.110044
RTN-0736,ORD-03212,CUST-0682,PROD-0135,CHANGED_MIND,2026-04-09T23:21:54.110254
RTN-0737,ORD-03213,CUST-0044,PROD-0318,CHANGED_MIND,2026-06-14T03:40:07.110306
RTN-0738,ORD-03214,CUST-0641,PROD-0147,CHANGED_MIND,2026-04-02T14:59:29.110347
RTN-0739,ORD-03218,CUST-0394,PROD-0094,DESCRIPTION_MISMATCH,2026-05-24T03:47:56.110501
RTN-0740,ORD-03219,CUST-0182,PROD-0620,SIZE_MISMATCH,2026-04-01T01:07:44.110545
RTN-0741,ORD-03222,CUST-0383,PROD-0018,DEFECTIVE,2026-04-21T02:07:46.110647
RTN-0742,ORD-03223,CUST-0872,PROD-0832,DAMAGED_IN_TRANSIT,2026-05-11T01:41:01.110719
RTN-0743,ORD-03240,CUST-0412,PROD-1000,DESCRIPTION_MISMATCH,2026-06-04T00:22:56.111159
RTN-0744,ORD-03245,CUST-0539,PROD-0071,DAMAGED_IN_TRANSIT,2026-05-02T03:01:49.111280
RTN-0745,ORD-03247,CUST-0494,PROD-0849,DEFECTIVE,2026-04-22T18:40:39.111396
RTN-0746,ORD-03261,CUST-0528,PROD-0900,DAMAGED_IN_TRANSIT,2026-04-12T04:17:13.111943
RTN-0747,ORD-03264,CUST-0182,PROD-0533,DESCRIPTION_MISMATCH,2026-05-17T00:51:18.112097
RTN-0748,ORD-03282,CUST-0297,PROD-0474,SIZE_MISMATCH,2026-05-11T12:23:53.112703
RTN-0749,ORD-03284,CUST-0419,PROD-0803,DAMAGED_IN_TRANSIT,2026-04-17T22:52:55.112800
RTN-0750,ORD-03292,CUST-0350,PROD-0300,CHANGED_MIND,2026-05-10T04:47:23.113050
RTN-0751,ORD-03294,CUST-0436,PROD-0207,DEFECTIVE,2026-04-10T00:33:33.113150
RTN-0752,ORD-03301,CUST-0040,PROD-0871,CHANGED_MIND,2026-04-14T23:15:36.113395
RTN-0753,ORD-03303,CUST-0600,PROD-0635,SIZE_MISMATCH,2026-04-30T04:16:04.113490
RTN-0754,ORD-03306,CUST-0725,PROD-0972,CHANGED_MIND,2026-03-31T19:40:02.113606
RTN-0755,ORD-03316,CUST-0223,PROD-0723,CHANGED_MIND,2026-05-22T07:57:17.113989
RTN-0756,ORD-03317,CUST-0081,PROD-0551,DEFECTIVE,2026-04-22T05:03:22.114052
RTN-0757,ORD-03322,CUST-0052,PROD-0712,DAMAGED_IN_TRANSIT,2026-04-20T09:21:59.114211
RTN-0758,ORD-03324,CUST-0380,PROD-0432,SIZE_MISMATCH,2026-04-13T23:15:47.114282
RTN-0759,ORD-03329,CUST-0607,PROD-0708,DESCRIPTION_MISMATCH,2026-06-08T16:03:13.114435
RTN-0760,ORD-03341,CUST-0932,PROD-0297,DAMAGED_IN_TRANSIT,2026-04-19T14:02:11.114851
RTN-0761,ORD-03347,CUST-0177,PROD-0665,SIZE_MISMATCH,2026-05-26T06:50:54.115068
RTN-0762,ORD-03348,CUST-0941,PROD-0185,SIZE_MISMATCH,2026-03-26T15:44:09.115154
RTN-0763,ORD-03350,CUST-0755,PROD-0396,DEFECTIVE,2026-04-18T12:48:08.115249
RTN-0764,ORD-03359,CUST-0715,PROD-0931,DESCRIPTION_MISMATCH,2026-03-27T09:02:54.115532
RTN-0765,ORD-03360,CUST-0854,PROD-0162,SIZE_MISMATCH,2026-04-19T05:28:52.115587
RTN-0766,ORD-03361,CUST-0159,PROD-0874,DAMAGED_IN_TRANSIT,2026-04-08T22:45:08.115635
RTN-0767,ORD-03364,CUST-0501,PROD-0849,SIZE_MISMATCH,2026-05-05T16:30:47.115767
RTN-0768,ORD-03367,CUST-0226,PROD-0659,SIZE_MISMATCH,2026-05-04T11:08:08.115878
RTN-0769,ORD-03371,CUST-0072,PROD-0184,DAMAGED_IN_TRANSIT,2026-04-29T12:45:59.116014
RTN-0770,ORD-03372,CUST-0187,PROD-0288,CHANGED_MIND,2026-06-19T22:04:41.116055
RTN-0771,ORD-03374,CUST-0908,PROD-0436,SIZE_MISMATCH,2026-04-13T14:52:56.116128
RTN-0772,ORD-03375,CUST-0056,PROD-0029,DAMAGED_IN_TRANSIT,2026-05-09T14:44:27.116178
RTN-0773,ORD-03392,CUST-0518,PROD-0509,SIZE_MISMATCH,2026-04-02T08:17:54.116623
RTN-0774,ORD-03393,CUST-0295,PROD-0951,DEFECTIVE,2026-04-13T07:42:34.116653
RTN-0775,ORD-03398,CUST-0282,PROD-0502,DESCRIPTION_MISMATCH,2026-05-15T01:42:08.116779
RTN-0776,ORD-03401,CUST-0255,PROD-0318,CHANGED_MIND,2026-06-03T10:52:17.116844
RTN-0777,ORD-03403,CUST-0945,PROD-0731,CHANGED_MIND,2026-05-19T08:07:57.116896
RTN-0778,ORD-03406,CUST-0927,PROD-0817,DESCRIPTION_MISMATCH,2026-04-18T01:02:14.116963
RTN-0779,ORD-03417,CUST-0622,PROD-0136,SIZE_MISMATCH,2026-04-06T21:52:38.117161
RTN-0780,ORD-03420,CUST-0647,PROD-0346,SIZE_MISMATCH,2026-05-02T13:10:12.117233
RTN-0781,ORD-03422,CUST-0713,PROD-0404,DEFECTIVE,2026-04-29T14:51:50.117286
RTN-0782,ORD-03438,CUST-0283,PROD-0010,DAMAGED_IN_TRANSIT,2026-04-15T11:57:38.117737
RTN-0783,ORD-03439,CUST-0827,PROD-0482,DESCRIPTION_MISMATCH,2026-06-06T16:30:42.117789
RTN-0784,ORD-03440,CUST-0629,PROD-0284,SIZE_MISMATCH,2026-05-08T18:43:48.117821
RTN-0785,ORD-03442,CUST-0711,PROD-0542,DAMAGED_IN_TRANSIT,2026-06-08T16:07:08.117867
RTN-0786,ORD-03444,CUST-0228,PROD-0665,SIZE_MISMATCH,2026-05-23T01:32:33.117911
RTN-0787,ORD-03445,CUST-0136,PROD-0532,SIZE_MISMATCH,2026-04-02T19:44:14.117958
RTN-0788,ORD-03453,CUST-0035,PROD-0661,DAMAGED_IN_TRANSIT,2026-06-16T20:41:57.118121
RTN-0789,ORD-03460,CUST-0746,PROD-0409,CHANGED_MIND,2026-03-26T08:03:11.118252
RTN-0790,ORD-03462,CUST-0878,PROD-0679,DESCRIPTION_MISMATCH,2026-04-20T12:08:24.118300
RTN-0791,ORD-03469,CUST-0602,PROD-0864,DAMAGED_IN_TRANSIT,2026-04-29T00:04:53.118443
RTN-0792,ORD-03476,CUST-0479,PROD-0139,DAMAGED_IN_TRANSIT,2026-05-23T16:26:16.118575
RTN-0793,ORD-03479,CUST-0485,PROD-0421,SIZE_MISMATCH,2026-05-05T10:24:29.118637
RTN-0794,ORD-03480,CUST-0895,PROD-0995,DEFECTIVE,2026-03-18T17:17:19.118692
RTN-0795,ORD-03484,CUST-0470,PROD-0358,SIZE_MISMATCH,2026-06-06T12:40:35.118784
RTN-0796,ORD-03486,CUST-0669,PROD-0444,DEFECTIVE,2026-06-11T06:58:39.118831
RTN-0797,ORD-03488,CUST-0334,PROD-0040,SIZE_MISMATCH,2026-05-03T04:32:24.118884
RTN-0798,ORD-03490,CUST-0845,PROD-0542,DAMAGED_IN_TRANSIT,2026-04-08T01:35:49.118930
RTN-0799,ORD-03491,CUST-0833,PROD-0495,CHANGED_MIND,2026-04-10T01:26:52.118963
RTN-0800,ORD-03495,CUST-0736,PROD-0203,SIZE_MISMATCH,2026-05-19T08:21:53.119048
RTN-0801,ORD-03500,CUST-0664,PROD-0184,SIZE_MISMATCH,2026-05-23T23:54:13.119148
RTN-0802,ORD-03505,CUST-0102,PROD-0803,DESCRIPTION_MISMATCH,2026-04-01T10:47:33.119254
RTN-0803,ORD-03511,CUST-0039,PROD-0716,SIZE_MISMATCH,2026-06-12T21:38:32.119369
RTN-0804,ORD-03520,CUST-0551,PROD-0294,SIZE_MISMATCH,2026-04-25T13:59:44.119538
RTN-0805,ORD-03527,CUST-0683,PROD-0531,DAMAGED_IN_TRANSIT,2026-04-24T10:01:24.119690
RTN-0806,ORD-03535,CUST-0182,PROD-0277,SIZE_MISMATCH,2026-03-24T22:58:12.119836
RTN-0807,ORD-03538,CUST-0814,PROD-0316,SIZE_MISMATCH,2026-05-31T14:18:15.119899
RTN-0808,ORD-03540,CUST-0184,PROD-0394,SIZE_MISMATCH,2026-05-01T00:45:22.119963
RTN-0809,ORD-03541,CUST-0628,PROD-0802,DAMAGED_IN_TRANSIT,2026-03-30T00:06:47.120005
RTN-0810,ORD-03543,CUST-0763,PROD-0350,DESCRIPTION_MISMATCH,2026-04-24T09:52:36.120050
RTN-0811,ORD-03553,CUST-0399,PROD-0862,DAMAGED_IN_TRANSIT,2026-05-30T11:21:54.120238
RTN-0812,ORD-03563,CUST-0777,PROD-0181,DESCRIPTION_MISMATCH,2026-04-14T14:33:50.120439
RTN-0813,ORD-03566,CUST-0726,PROD-0967,SIZE_MISMATCH,2026-05-19T12:45:05.120500
RTN-0814,ORD-03567,CUST-0162,PROD-0132,SIZE_MISMATCH,2026-03-24T23:48:23.120530
RTN-0815,ORD-03570,CUST-0314,PROD-0671,CHANGED_MIND,2026-05-05T21:17:55.120599
RTN-0816,ORD-03571,CUST-0831,PROD-0160,DAMAGED_IN_TRANSIT,2026-04-28T07:46:00.120626
RTN-0817,ORD-03581,CUST-0097,PROD-0326,DEFECTIVE,2026-04-15T14:35:30.120826
RTN-0818,ORD-03585,CUST-0167,PROD-0445,SIZE_MISMATCH,2026-05-15T12:29:22.120905
RTN-0819,ORD-03588,CUST-0668,PROD-0140,DEFECTIVE,2026-04-15T08:18:55.120981
RTN-0820,ORD-03591,CUST-0636,PROD-0205,SIZE_MISMATCH,2026-06-16T03:55:05.121047
RTN-0821,ORD-03596,CUST-0906,PROD-0175,DESCRIPTION_MISMATCH,2026-04-07T05:22:01.121154
RTN-0822,ORD-03597,CUST-0129,PROD-0092,DAMAGED_IN_TRANSIT,2026-04-05T20:56:23.121183
RTN-0823,ORD-03599,CUST-0215,PROD-0958,DESCRIPTION_MISMATCH,2026-06-12T01:59:32.121236
RTN-0824,ORD-03605,CUST-0392,PROD-0184,CHANGED_MIND,2026-04-14T19:37:20.121354
RTN-0825,ORD-03606,CUST-0769,PROD-0028,SIZE_MISMATCH,2026-04-15T16:37:55.121380
RTN-0826,ORD-03610,CUST-0534,PROD-0342,DESCRIPTION_MISMATCH,2026-03-30T01:24:41.121464
RTN-0827,ORD-03613,CUST-0661,PROD-0234,DAMAGED_IN_TRANSIT,2026-04-19T23:09:56.121547
RTN-0828,ORD-03614,CUST-0186,PROD-0445,SIZE_MISMATCH,2026-04-17T13:21:43.121575
RTN-0829,ORD-03615,CUST-0832,PROD-0330,DESCRIPTION_MISMATCH,2026-06-09T03:35:33.121603
RTN-0830,ORD-03619,CUST-0002,PROD-0732,DAMAGED_IN_TRANSIT,2026-05-07T07:17:01.121696
RTN-0831,ORD-03620,CUST-0643,PROD-0810,SIZE_MISMATCH,2026-05-06T16:54:08.121722
RTN-0832,ORD-03623,CUST-0831,PROD-0039,CHANGED_MIND,2026-03-26T03:57:08.121798
RTN-0833,ORD-03625,CUST-0633,PROD-0654,CHANGED_MIND,2026-06-09T06:27:59.121848
RTN-0834,ORD-03626,CUST-0195,PROD-0913,CHANGED_MIND,2026-05-14T23:23:00.121879
RTN-0835,ORD-03627,CUST-0426,PROD-0774,SIZE_MISMATCH,2026-04-14T23:27:04.121908
RTN-0836,ORD-03630,CUST-0869,PROD-0691,CHANGED_MIND,2026-04-19T05:08:45.121969
RTN-0837,ORD-03632,CUST-0892,PROD-0398,SIZE_MISMATCH,2026-05-26T21:40:29.122018
RTN-0838,ORD-03640,CUST-0998,PROD-0552,DAMAGED_IN_TRANSIT,2026-04-23T14:51:52.122165
RTN-0839,ORD-03642,CUST-0557,PROD-0519,CHANGED_MIND,2026-05-05T07:12:24.122212
RTN-0840,ORD-03643,CUST-0499,PROD-0528,DESCRIPTION_MISMATCH,2026-03-22T16:33:09.122239
RTN-0841,ORD-03644,CUST-0833,PROD-0238,DEFECTIVE,2026-04-20T02:12:01.122271
RTN-0842,ORD-03655,CUST-0925,PROD-0764,SIZE_MISMATCH,2026-04-28T09:25:14.122468
RTN-0843,ORD-03659,CUST-0014,PROD-0547,CHANGED_MIND,2026-05-19T06:32:10.122552
RTN-0844,ORD-03664,CUST-0670,PROD-0688,SIZE_MISMATCH,2026-04-14T00:23:01.122656
RTN-0845,ORD-03667,CUST-0936,PROD-0243,DAMAGED_IN_TRANSIT,2026-04-02T14:29:12.122746
RTN-0846,ORD-03671,CUST-0349,PROD-0612,CHANGED_MIND,2026-04-19T22:53:37.122825
RTN-0847,ORD-03673,CUST-0729,PROD-0895,SIZE_MISMATCH,2026-05-12T14:54:06.122869
RTN-0848,ORD-03677,CUST-0133,PROD-0267,CHANGED_MIND,2026-05-28T10:31:37.122957
RTN-0849,ORD-03681,CUST-0858,PROD-0516,SIZE_MISMATCH,2026-04-10T09:24:43.123032
RTN-0850,ORD-03682,CUST-0258,PROD-0765,DEFECTIVE,2026-04-27T21:00:02.123060
RTN-0851,ORD-03687,CUST-0341,PROD-0090,SIZE_MISMATCH,2026-05-16T05:03:07.123154
RTN-0852,ORD-03693,CUST-0170,PROD-0525,SIZE_MISMATCH,2026-05-07T01:25:55.123274
RTN-0853,ORD-03695,CUST-0426,PROD-0484,SIZE_MISMATCH,2026-05-27T06:32:51.123318
RTN-0854,ORD-03700,CUST-0163,PROD-0276,DAMAGED_IN_TRANSIT,2026-04-22T15:09:10.123409
RTN-0855,ORD-03702,CUST-0030,PROD-0856,SIZE_MISMATCH,2026-05-20T12:40:21.123455
RTN-0856,ORD-03713,CUST-0057,PROD-0992,DEFECTIVE,2026-04-13T16:17:52.123660
RTN-0857,ORD-03714,CUST-0669,PROD-0787,SIZE_MISMATCH,2026-06-17T08:02:23.123708
RTN-0858,ORD-03716,CUST-0256,PROD-0704,DAMAGED_IN_TRANSIT,2026-05-06T08:31:53.123768
RTN-0859,ORD-03720,CUST-0446,PROD-0401,SIZE_MISMATCH,2026-04-29T19:54:13.123845
RTN-0860,ORD-03721,CUST-0159,PROD-0613,CHANGED_MIND,2026-06-08T14:36:29.123886
RTN-0861,ORD-03729,CUST-0689,PROD-0835,DAMAGED_IN_TRANSIT,2026-05-10T17:47:33.124035
RTN-0862,ORD-03731,CUST-0232,PROD-0954,DESCRIPTION_MISMATCH,2026-04-09T14:02:49.124110
RTN-0863,ORD-03735,CUST-0688,PROD-0918,DEFECTIVE,2026-06-15T04:56:05.124190
RTN-0864,ORD-03737,CUST-0151,PROD-0578,DAMAGED_IN_TRANSIT,2026-05-09T20:51:42.124235
RTN-0865,ORD-03757,CUST-0903,PROD-0405,CHANGED_MIND,2026-05-10T04:28:33.124596
RTN-0866,ORD-03759,CUST-0226,PROD-0008,SIZE_MISMATCH,2026-03-24T17:40:16.124645
RTN-0867,ORD-03767,CUST-0405,PROD-0632,DAMAGED_IN_TRANSIT,2026-04-14T05:34:30.124808
RTN-0868,ORD-03771,CUST-0855,PROD-0456,DESCRIPTION_MISMATCH,2026-06-14T17:54:14.124894
RTN-0869,ORD-03773,CUST-0915,PROD-0371,SIZE_MISMATCH,2026-05-15T05:57:34.124943
RTN-0870,ORD-03774,CUST-0180,PROD-0714,SIZE_MISMATCH,2026-05-07T07:38:30.124978
RTN-0871,ORD-03788,CUST-0145,PROD-0420,DESCRIPTION_MISMATCH,2026-03-24T06:57:27.125219
RTN-0872,ORD-03792,CUST-0573,PROD-0781,DEFECTIVE,2026-03-24T08:10:09.125314
RTN-0873,ORD-03798,CUST-0757,PROD-0009,CHANGED_MIND,2026-03-21T15:47:20.125426
RTN-0874,ORD-03799,CUST-0330,PROD-0782,SIZE_MISMATCH,2026-04-21T12:31:54.125487
RTN-0875,ORD-03810,CUST-0656,PROD-0356,DEFECTIVE,2026-04-06T10:14:47.125794
RTN-0876,ORD-03814,CUST-0674,PROD-0141,SIZE_MISMATCH,2026-05-08T03:00:01.125892
RTN-0877,ORD-03815,CUST-0377,PROD-0274,SIZE_MISMATCH,2026-04-03T14:17:33.125923
RTN-0878,ORD-03816,CUST-0668,PROD-0946,DEFECTIVE,2026-05-13T23:50:34.125952
RTN-0879,ORD-03817,CUST-0193,PROD-0585,DAMAGED_IN_TRANSIT,2026-05-07T15:26:30.125982
RTN-0880,ORD-03822,CUST-0967,PROD-0331,DAMAGED_IN_TRANSIT,2026-05-14T18:21:04.126096
RTN-0881,ORD-03823,CUST-0602,PROD-0069,CHANGED_MIND,2026-05-17T12:26:31.126126
RTN-0882,ORD-03830,CUST-0834,PROD-0123,DEFECTIVE,2026-05-10T20:41:51.126272
RTN-0883,ORD-03836,CUST-0729,PROD-0709,SIZE_MISMATCH,2026-05-25T05:10:51.126428
RTN-0884,ORD-03838,CUST-0290,PROD-0655,SIZE_MISMATCH,2026-05-05T11:47:29.126494
RTN-0885,ORD-03841,CUST-0089,PROD-0356,DEFECTIVE,2026-05-22T11:29:41.126588
RTN-0886,ORD-03842,CUST-0247,PROD-0670,DESCRIPTION_MISMATCH,2026-05-26T19:28:35.126621
RTN-0887,ORD-03848,CUST-0074,PROD-0581,DESCRIPTION_MISMATCH,2026-05-24T07:40:47.126792
RTN-0888,ORD-03854,CUST-0527,PROD-0762,SIZE_MISMATCH,2026-06-04T00:01:53.126919
RTN-0889,ORD-03855,CUST-0921,PROD-0568,DESCRIPTION_MISMATCH,2026-05-08T18:29:39.126951
RTN-0890,ORD-03860,CUST-0316,PROD-0692,DEFECTIVE,2026-05-21T14:15:27.127054
RTN-0891,ORD-03861,CUST-0045,PROD-0999,CHANGED_MIND,2026-05-05T13:37:44.127099
RTN-0892,ORD-03862,CUST-0920,PROD-0366,DEFECTIVE,2026-04-09T05:10:04.127129
RTN-0893,ORD-03864,CUST-0625,PROD-0397,DAMAGED_IN_TRANSIT,2026-04-16T05:50:48.127181
RTN-0894,ORD-03870,CUST-0133,PROD-0085,DAMAGED_IN_TRANSIT,2026-04-13T09:46:55.127333
RTN-0895,ORD-03871,CUST-0406,PROD-0833,CHANGED_MIND,2026-05-30T12:13:57.127384
RTN-0896,ORD-03873,CUST-0917,PROD-0754,DEFECTIVE,2026-06-02T02:04:39.127455
RTN-0897,ORD-03875,CUST-0329,PROD-0102,DEFECTIVE,2026-04-22T22:44:27.127612
RTN-0898,ORD-03880,CUST-0118,PROD-0342,DEFECTIVE,2026-06-14T04:00:47.127775
RTN-0899,ORD-03883,CUST-0337,PROD-0057,SIZE_MISMATCH,2026-04-18T23:54:35.127866
RTN-0900,ORD-03890,CUST-0024,PROD-0015,SIZE_MISMATCH,2026-03-20T16:13:37.128055
RTN-0901,ORD-03896,CUST-0552,PROD-0233,SIZE_MISMATCH,2026-03-24T13:12:18.128218
RTN-0902,ORD-03902,CUST-0624,PROD-0985,SIZE_MISMATCH,2026-04-30T01:30:03.128397
RTN-0903,ORD-03903,CUST-0807,PROD-0093,DEFECTIVE,2026-05-22T21:29:21.128461
RTN-0904,ORD-03906,CUST-0470,PROD-0919,SIZE_MISMATCH,2026-06-07T14:18:30.128551
RTN-0905,ORD-03908,CUST-0217,PROD-0446,DAMAGED_IN_TRANSIT,2026-04-25T21:31:51.128621
RTN-0906,ORD-03913,CUST-0605,PROD-0778,SIZE_MISMATCH,2026-04-25T21:12:01.128807
RTN-0907,ORD-03927,CUST-0583,PROD-0405,DEFECTIVE,2026-04-28T16:06:13.129079
RTN-0908,ORD-03930,CUST-0472,PROD-0697,DEFECTIVE,2026-04-16T04:22:12.129148
RTN-0909,ORD-03942,CUST-0505,PROD-0911,SIZE_MISMATCH,2026-04-01T04:39:01.129439
RTN-0910,ORD-03945,CUST-0908,PROD-0032,SIZE_MISMATCH,2026-06-13T13:16:55.129511
RTN-0911,ORD-03948,CUST-0546,PROD-0305,DESCRIPTION_MISMATCH,2026-04-09T03:43:46.129578
RTN-0912,ORD-03951,CUST-0273,PROD-0456,DAMAGED_IN_TRANSIT,2026-05-04T00:53:11.129643
RTN-0913,ORD-03958,CUST-0301,PROD-0564,DAMAGED_IN_TRANSIT,2026-04-30T02:30:47.129816
RTN-0914,ORD-03959,CUST-0741,PROD-0849,SIZE_MISMATCH,2026-04-16T13:48:22.129846
RTN-0915,ORD-03961,CUST-0533,PROD-0667,SIZE_MISMATCH,2026-05-13T13:34:58.129892
RTN-0916,ORD-03963,CUST-0024,PROD-0615,DEFECTIVE,2026-06-11T07:25:31.129938
RTN-0917,ORD-03970,CUST-0917,PROD-0460,DAMAGED_IN_TRANSIT,2026-04-01T08:18:23.130076
RTN-0918,ORD-03975,CUST-0563,PROD-0140,DESCRIPTION_MISMATCH,2026-06-11T05:55:18.130212
RTN-0919,ORD-03982,CUST-0140,PROD-0514,SIZE_MISMATCH,2026-05-23T14:27:58.130402
RTN-0920,ORD-03987,CUST-0287,PROD-0556,DEFECTIVE,2026-06-04T12:19:56.130522
RTN-0921,ORD-03989,CUST-0515,PROD-0592,SIZE_MISMATCH,2026-04-27T17:31:51.130574
RTN-0922,ORD-03991,CUST-0492,PROD-0144,SIZE_MISMATCH,2026-04-16T22:38:27.130704
RTN-0923,ORD-03993,CUST-0200,PROD-0936,DESCRIPTION_MISMATCH,2026-05-08T07:19:57.130753
RTN-0924,ORD-03995,CUST-0236,PROD-0349,DESCRIPTION_MISMATCH,2026-06-15T16:39:40.130807
RTN-0925,ORD-04001,CUST-0275,PROD-0147,CHANGED_MIND,2026-04-02T11:24:53.130924
RTN-0926,ORD-04002,CUST-0329,PROD-0747,SIZE_MISMATCH,2026-03-27T12:42:16.130951
RTN-0927,ORD-04005,CUST-0316,PROD-0878,SIZE_MISMATCH,2026-05-26T06:26:26.131016
RTN-0928,ORD-04010,CUST-0904,PROD-0837,SIZE_MISMATCH,2026-04-15T12:13:35.131118
RTN-0929,ORD-04011,CUST-0800,PROD-0489,DESCRIPTION_MISMATCH,2026-05-21T15:29:56.131153
RTN-0930,ORD-04012,CUST-0225,PROD-0718,DEFECTIVE,2026-04-08T09:13:30.131181
RTN-0931,ORD-04013,CUST-0784,PROD-0323,DAMAGED_IN_TRANSIT,2026-06-12T06:07:47.131207
RTN-0932,ORD-04019,CUST-0984,PROD-0058,DEFECTIVE,2026-04-16T10:13:09.131330
RTN-0933,ORD-04020,CUST-0438,PROD-0791,DAMAGED_IN_TRANSIT,2026-05-07T19:16:32.131372
RTN-0934,ORD-04025,CUST-0336,PROD-0990,DESCRIPTION_MISMATCH,2026-04-19T09:47:26.131471
RTN-0935,ORD-04027,CUST-0085,PROD-0080,SIZE_MISMATCH,2026-06-02T12:30:40.131519
RTN-0936,ORD-04037,CUST-0210,PROD-0565,DEFECTIVE,2026-04-01T18:08:02.131736
RTN-0937,ORD-04038,CUST-0148,PROD-0063,DESCRIPTION_MISMATCH,2026-05-23T05:34:26.131766
RTN-0938,ORD-04042,CUST-0123,PROD-0396,DEFECTIVE,2026-04-24T12:44:07.131860
RTN-0939,ORD-04045,CUST-0487,PROD-0498,CHANGED_MIND,2026-04-13T07:16:31.131920
RTN-0940,ORD-04049,CUST-0249,PROD-0522,DESCRIPTION_MISMATCH,2026-04-07T03:41:11.132000
RTN-0941,ORD-04059,CUST-0935,PROD-0476,SIZE_MISMATCH,2026-05-08T22:48:17.132186
RTN-0942,ORD-04060,CUST-0799,PROD-0808,CHANGED_MIND,2026-05-15T22:44:00.132218
RTN-0943,ORD-04061,CUST-0041,PROD-0466,SIZE_MISMATCH,2026-04-12T08:15:56.132247
RTN-0944,ORD-04064,CUST-0095,PROD-0750,DAMAGED_IN_TRANSIT,2026-06-04T07:04:02.132327
RTN-0945,ORD-04067,CUST-0608,PROD-0505,CHANGED_MIND,2026-06-10T02:37:32.132391
RTN-0946,ORD-04071,CUST-0167,PROD-0863,SIZE_MISMATCH,2026-05-25T10:08:30.132470
RTN-0947,ORD-04076,CUST-0241,PROD-0950,DEFECTIVE,2026-05-04T13:01:27.132577
RTN-0948,ORD-04081,CUST-0839,PROD-0173,DEFECTIVE,2026-03-31T01:01:40.132699
RTN-0949,ORD-04086,CUST-0934,PROD-0904,SIZE_MISMATCH,2026-03-29T00:00:39.132797
RTN-0950,ORD-04088,CUST-0457,PROD-0466,SIZE_MISMATCH,2026-06-09T19:57:17.132856
RTN-0951,ORD-04089,CUST-0075,PROD-0938,DAMAGED_IN_TRANSIT,2026-03-29T08:58:13.132883
RTN-0952,ORD-04093,CUST-0264,PROD-0344,DESCRIPTION_MISMATCH,2026-05-15T12:01:35.132992
RTN-0953,ORD-04094,CUST-0751,PROD-0008,SIZE_MISMATCH,2026-05-29T17:26:52.133021
RTN-0954,ORD-04100,CUST-0087,PROD-0008,DESCRIPTION_MISMATCH,2026-03-25T04:41:19.133136
RTN-0955,ORD-04104,CUST-0014,PROD-0245,CHANGED_MIND,2026-04-29T20:45:53.133213
RTN-0956,ORD-04105,CUST-0455,PROD-0613,SIZE_MISMATCH,2026-05-16T01:56:32.133245
RTN-0957,ORD-04113,CUST-0352,PROD-0293,DESCRIPTION_MISMATCH,2026-03-20T19:15:45.133402
RTN-0958,ORD-04119,CUST-0514,PROD-0113,SIZE_MISMATCH,2026-04-04T22:23:07.133518
RTN-0959,ORD-04122,CUST-0623,PROD-0145,DEFECTIVE,2026-03-24T05:06:05.133582
RTN-0960,ORD-04123,CUST-0044,PROD-0550,SIZE_MISMATCH,2026-04-03T21:45:42.133616
RTN-0961,ORD-04124,CUST-0352,PROD-0811,SIZE_MISMATCH,2026-06-12T23:31:51.133644
RTN-0962,ORD-04128,CUST-0346,PROD-0057,SIZE_MISMATCH,2026-05-25T12:34:43.133809
RTN-0963,ORD-04129,CUST-0776,PROD-0599,CHANGED_MIND,2026-03-28T23:41:36.133839
RTN-0964,ORD-04134,CUST-0143,PROD-0980,DEFECTIVE,2026-05-14T20:53:47.133942
RTN-0965,ORD-04135,CUST-0393,PROD-0313,DEFECTIVE,2026-06-08T08:45:26.133971
RTN-0966,ORD-04143,CUST-0616,PROD-0356,DEFECTIVE,2026-04-14T15:29:57.134126
RTN-0967,ORD-04147,CUST-0536,PROD-0053,DEFECTIVE,2026-06-04T03:04:55.134205
RTN-0968,ORD-04155,CUST-0099,PROD-0649,DEFECTIVE,2026-04-22T17:52:08.134368
RTN-0969,ORD-04159,CUST-0069,PROD-0064,CHANGED_MIND,2026-04-06T03:06:17.134452
RTN-0970,ORD-04161,CUST-0077,PROD-0165,DEFECTIVE,2026-05-16T06:50:12.134496
RTN-0971,ORD-04169,CUST-0949,PROD-0475,DAMAGED_IN_TRANSIT,2026-06-09T01:25:43.134649
RTN-0972,ORD-04179,CUST-0572,PROD-0819,DEFECTIVE,2026-04-17T14:30:45.134837
RTN-0973,ORD-04181,CUST-0386,PROD-0664,CHANGED_MIND,2026-05-26T16:21:48.134883
RTN-0974,ORD-04188,CUST-0015,PROD-0202,DAMAGED_IN_TRANSIT,2026-05-18T12:01:35.135031
RTN-0975,ORD-04192,CUST-0688,PROD-0186,SIZE_MISMATCH,2026-06-08T14:14:14.135110
RTN-0976,ORD-04198,CUST-0089,PROD-0128,CHANGED_MIND,2026-04-03T17:23:55.135230
RTN-0977,ORD-04199,CUST-0186,PROD-0117,SIZE_MISMATCH,2026-05-29T15:16:36.135271
RTN-0978,ORD-04216,CUST-0047,PROD-0510,DESCRIPTION_MISMATCH,2026-06-02T15:35:59.135591
RTN-0979,ORD-04224,CUST-0027,PROD-0887,DEFECTIVE,2026-04-09T12:08:08.135770
RTN-0980,ORD-04227,CUST-0558,PROD-0036,SIZE_MISMATCH,2026-06-16T13:19:36.135831
RTN-0981,ORD-04228,CUST-0227,PROD-0548,SIZE_MISMATCH,2026-05-13T23:13:52.135878
RTN-0982,ORD-04229,CUST-0301,PROD-0246,DEFECTIVE,2026-04-09T01:02:11.135905
RTN-0983,ORD-04240,CUST-0034,PROD-0178,DAMAGED_IN_TRANSIT,2026-04-18T00:42:21.136131
RTN-0984,ORD-04244,CUST-0150,PROD-0906,DAMAGED_IN_TRANSIT,2026-05-08T08:04:49.136221
RTN-0985,ORD-04248,CUST-0507,PROD-0484,DEFECTIVE,2026-05-25T06:58:00.136314
RTN-0986,ORD-04257,CUST-0902,PROD-0822,SIZE_MISMATCH,2026-04-07T11:30:43.136490
RTN-0987,ORD-04263,CUST-0313,PROD-0941,DEFECTIVE,2026-06-08T23:46:20.136602
RTN-0988,ORD-04264,CUST-0528,PROD-0866,SIZE_MISMATCH,2026-04-16T21:15:34.136629
RTN-0989,ORD-04265,CUST-0568,PROD-0298,CHANGED_MIND,2026-06-10T13:15:46.136688
RTN-0990,ORD-04267,CUST-0226,PROD-0633,SIZE_MISMATCH,2026-03-29T00:59:01.136743
RTN-0991,ORD-04272,CUST-0850,PROD-0632,CHANGED_MIND,2026-04-26T21:19:33.136842
RTN-0992,ORD-04277,CUST-0393,PROD-0669,DEFECTIVE,2026-05-12T11:46:54.136950
RTN-0993,ORD-04282,CUST-0376,PROD-0416,DEFECTIVE,2026-06-05T10:11:17.137057
RTN-0994,ORD-04288,CUST-0774,PROD-0659,SIZE_MISMATCH,2026-06-05T17:26:18.137182
RTN-0995,ORD-04302,CUST-0499,PROD-0773,SIZE_MISMATCH,2026-04-05T22:15:39.137427
RTN-0996,ORD-04309,CUST-0941,PROD-0062,DESCRIPTION_MISMATCH,2026-04-25T10:05:54.137574
RTN-0997,ORD-04318,CUST-0511,PROD-0305,DEFECTIVE,2026-04-14T13:30:00.137748
RTN-0998,ORD-04322,CUST-0727,PROD-0482,CHANGED_MIND,2026-04-08T14:03:03.137827
RTN-0999,ORD-04326,CUST-0312,PROD-0932,SIZE_MISMATCH,2026-04-01T03:42:54.137912
RTN-1000,ORD-04327,CUST-0675,PROD-0521,SIZE_MISMATCH,2026-05-30T21:51:45.137954
RTN-1001,ORD-04328,CUST-0759,PROD-0010,DAMAGED_IN_TRANSIT,2026-03-21T17:03:49.137980
RTN-1002,ORD-04331,CUST-0221,PROD-0266,SIZE_MISMATCH,2026-05-18T20:54:50.138042
RTN-1003,ORD-04332,CUST-0544,PROD-0493,CHANGED_MIND,2026-04-04T11:23:31.138069
RTN-1004,ORD-04335,CUST-0524,PROD-0848,DESCRIPTION_MISMATCH,2026-04-27T18:25:12.138142
RTN-1005,ORD-04338,CUST-0642,PROD-0530,SIZE_MISMATCH,2026-04-08T14:26:49.138203
RTN-1006,ORD-04341,CUST-0103,PROD-0507,SIZE_MISMATCH,2026-05-30T15:24:46.138268
RTN-1007,ORD-04346,CUST-0871,PROD-0211,DESCRIPTION_MISMATCH,2026-04-30T11:09:28.138362
RTN-1008,ORD-04350,CUST-0190,PROD-0650,DAMAGED_IN_TRANSIT,2026-05-20T11:41:21.138455
RTN-1009,ORD-04356,CUST-0007,PROD-0801,CHANGED_MIND,2026-05-28T14:26:40.138567
RTN-1010,ORD-04358,CUST-0989,PROD-0319,DEFECTIVE,2026-05-07T13:35:56.138612
RTN-1011,ORD-04363,CUST-0432,PROD-0308,CHANGED_MIND,2026-06-05T07:14:41.138737
RTN-1012,ORD-04368,CUST-0443,PROD-0724,CHANGED_MIND,2026-05-17T17:13:38.138839
RTN-1013,ORD-04372,CUST-0563,PROD-0042,DAMAGED_IN_TRANSIT,2026-04-14T20:54:42.138917
RTN-1014,ORD-04374,CUST-0398,PROD-0624,DAMAGED_IN_TRANSIT,2026-05-11T01:07:37.138961
RTN-1015,ORD-04377,CUST-0280,PROD-0218,CHANGED_MIND,2026-05-31T14:41:10.139032
RTN-1016,ORD-04379,CUST-0522,PROD-0777,DESCRIPTION_MISMATCH,2026-04-17T21:27:51.139076
RTN-1017,ORD-04387,CUST-0914,PROD-0563,DESCRIPTION_MISMATCH,2026-05-25T05:16:13.139215
RTN-1018,ORD-04392,CUST-0920,PROD-0098,DAMAGED_IN_TRANSIT,2026-05-10T14:38:33.139324
RTN-1019,ORD-04399,CUST-0853,PROD-0707,SIZE_MISMATCH,2026-05-16T20:36:28.139472
RTN-1020,ORD-04407,CUST-0838,PROD-0875,SIZE_MISMATCH,2026-05-08T11:13:48.139615
RTN-1021,ORD-04410,CUST-0649,PROD-0969,SIZE_MISMATCH,2026-03-20T03:27:37.139702
RTN-1022,ORD-04417,CUST-0691,PROD-0237,CHANGED_MIND,2026-06-09T01:18:13.139848
RTN-1023,ORD-04425,CUST-0540,PROD-0790,SIZE_MISMATCH,2026-06-02T06:59:25.139998
RTN-1024,ORD-04428,CUST-0244,PROD-0264,SIZE_MISMATCH,2026-05-05T14:42:00.140060
RTN-1025,ORD-04431,CUST-0802,PROD-0647,CHANGED_MIND,2026-04-03T08:25:12.140126
RTN-1026,ORD-04435,CUST-0087,PROD-0738,DAMAGED_IN_TRANSIT,2026-05-11T09:02:02.140210
RTN-1027,ORD-04437,CUST-0973,PROD-0541,CHANGED_MIND,2026-06-12T06:35:12.140262
RTN-1028,ORD-04442,CUST-0988,PROD-0661,DESCRIPTION_MISMATCH,2026-04-01T13:03:48.140399
RTN-1029,ORD-04451,CUST-0765,PROD-0083,DESCRIPTION_MISMATCH,2026-03-25T18:18:46.140598
RTN-1030,ORD-04457,CUST-0946,PROD-0702,SIZE_MISMATCH,2026-06-14T11:23:59.140734
RTN-1031,ORD-04458,CUST-0548,PROD-0932,SIZE_MISMATCH,2026-04-12T20:08:23.140775
RTN-1032,ORD-04459,CUST-0656,PROD-0922,SIZE_MISMATCH,2026-05-04T20:32:42.140809
RTN-1033,ORD-04474,CUST-0953,PROD-0643,SIZE_MISMATCH,2026-05-07T02:41:54.141074
RTN-1034,ORD-04478,CUST-0492,PROD-0925,SIZE_MISMATCH,2026-04-22T06:42:50.141160
RTN-1035,ORD-04485,CUST-0736,PROD-0159,SIZE_MISMATCH,2026-04-29T09:33:23.141296
RTN-1036,ORD-04506,CUST-0720,PROD-0540,CHANGED_MIND,2026-04-26T15:15:10.141749
RTN-1037,ORD-04507,CUST-0654,PROD-0486,SIZE_MISMATCH,2026-04-24T21:52:49.141780
RTN-1038,ORD-04509,CUST-0128,PROD-0665,SIZE_MISMATCH,2026-05-03T13:42:26.141827
RTN-1039,ORD-04515,CUST-0780,PROD-0976,DEFECTIVE,2026-04-08T12:53:00.141976
RTN-1040,ORD-04523,CUST-0134,PROD-0470,DEFECTIVE,2026-03-22T22:53:08.142196
RTN-1041,ORD-04526,CUST-0600,PROD-0507,DEFECTIVE,2026-06-07T01:48:33.142278
RTN-1042,ORD-04530,CUST-0032,PROD-0532,SIZE_MISMATCH,2026-05-06T16:52:29.142366
RTN-1043,ORD-04538,CUST-0404,PROD-0115,CHANGED_MIND,2026-05-19T10:14:49.142527
RTN-1044,ORD-04539,CUST-0447,PROD-0357,DEFECTIVE,2026-05-09T17:56:41.142575
RTN-1045,ORD-04547,CUST-0903,PROD-0731,DAMAGED_IN_TRANSIT,2026-04-21T04:23:12.142797
RTN-1046,ORD-04548,CUST-0508,PROD-0203,SIZE_MISMATCH,2026-05-16T21:55:52.142832
RTN-1047,ORD-04568,CUST-0274,PROD-0517,DAMAGED_IN_TRANSIT,2026-05-08T17:08:08.143217
RTN-1048,ORD-04570,CUST-0487,PROD-0146,DAMAGED_IN_TRANSIT,2026-04-14T10:46:16.143268
RTN-1049,ORD-04573,CUST-0306,PROD-0150,DEFECTIVE,2026-04-04T16:12:48.143343
RTN-1050,ORD-04578,CUST-0016,PROD-0112,DESCRIPTION_MISMATCH,2026-06-13T20:41:51.143470
RTN-1051,ORD-04580,CUST-0479,PROD-0742,SIZE_MISMATCH,2026-04-29T05:11:11.143540
RTN-1052,ORD-04581,CUST-0010,PROD-0918,DEFECTIVE,2026-05-07T13:33:33.143582
RTN-1053,ORD-04589,CUST-0638,PROD-0504,SIZE_MISMATCH,2026-05-25T23:43:18.143797
RTN-1054,ORD-04591,CUST-0375,PROD-0136,SIZE_MISMATCH,2026-04-16T20:12:43.143866
RTN-1055,ORD-04595,CUST-0592,PROD-0199,DEFECTIVE,2026-04-12T21:23:08.143996
RTN-1056,ORD-04596,CUST-0867,PROD-0880,DEFECTIVE,2026-04-22T08:05:56.144045
RTN-1057,ORD-04597,CUST-0870,PROD-0515,DEFECTIVE,2026-05-18T17:31:12.144103
RTN-1058,ORD-04601,CUST-0707,PROD-0585,CHANGED_MIND,2026-05-27T21:48:46.144240
RTN-1059,ORD-04603,CUST-0203,PROD-0304,CHANGED_MIND,2026-04-28T23:31:41.144301
RTN-1060,ORD-04607,CUST-0160,PROD-0097,SIZE_MISMATCH,2026-04-15T08:45:14.144424
RTN-1061,ORD-04611,CUST-0395,PROD-0689,SIZE_MISMATCH,2026-04-19T22:06:24.144550
RTN-1062,ORD-04614,CUST-0483,PROD-0820,CHANGED_MIND,2026-03-28T10:06:09.144621
RTN-1063,ORD-04616,CUST-0159,PROD-0082,SIZE_MISMATCH,2026-05-07T19:44:52.144724
RTN-1064,ORD-04624,CUST-0270,PROD-0673,DEFECTIVE,2026-05-05T06:28:35.144926
RTN-1065,ORD-04629,CUST-0513,PROD-0733,DEFECTIVE,2026-06-06T16:29:18.145051
RTN-1066,ORD-04634,CUST-0639,PROD-0490,CHANGED_MIND,2026-05-29T12:51:14.145206
RTN-1067,ORD-04636,CUST-0718,PROD-0966,DAMAGED_IN_TRANSIT,2026-03-25T18:59:41.145298
RTN-1068,ORD-04637,CUST-0904,PROD-0860,SIZE_MISMATCH,2026-05-15T00:23:40.145357
RTN-1069,ORD-04639,CUST-0850,PROD-0863,SIZE_MISMATCH,2026-05-06T17:49:27.145447
RTN-1070,ORD-04640,CUST-0797,PROD-0863,SIZE_MISMATCH,2026-04-05T19:10:47.145496
RTN-1071,ORD-04642,CUST-0289,PROD-0503,CHANGED_MIND,2026-04-21T05:31:53.145564
RTN-1072,ORD-04643,CUST-0131,PROD-0209,SIZE_MISMATCH,2026-05-16T21:25:39.145599
RTN-1073,ORD-04649,CUST-0997,PROD-0644,SIZE_MISMATCH,2026-03-26T17:01:16.145920
RTN-1074,ORD-04657,CUST-0573,PROD-0642,CHANGED_MIND,2026-06-12T23:29:28.146139
RTN-1075,ORD-04659,CUST-0574,PROD-0494,CHANGED_MIND,2026-06-07T14:15:15.146230
RTN-1076,ORD-04668,CUST-0492,PROD-0428,CHANGED_MIND,2026-05-08T18:18:24.146467
RTN-1077,ORD-04675,CUST-0361,PROD-0180,DESCRIPTION_MISMATCH,2026-06-04T19:45:19.146634
RTN-1078,ORD-04681,CUST-0423,PROD-0999,DESCRIPTION_MISMATCH,2026-05-04T01:08:59.146832
RTN-1079,ORD-04687,CUST-0689,PROD-0349,DEFECTIVE,2026-05-19T07:05:17.147014
RTN-1080,ORD-04689,CUST-0215,PROD-0113,SIZE_MISMATCH,2026-03-29T21:59:55.147078
RTN-1081,ORD-04691,CUST-0693,PROD-0605,DEFECTIVE,2026-04-17T20:22:58.147165
RTN-1082,ORD-04694,CUST-0958,PROD-0052,DAMAGED_IN_TRANSIT,2026-05-14T05:09:18.147271
RTN-1083,ORD-04697,CUST-0773,PROD-0999,DESCRIPTION_MISMATCH,2026-05-02T18:21:14.147356
RTN-1084,ORD-04702,CUST-0696,PROD-0725,DEFECTIVE,2026-05-31T03:36:27.147468
RTN-1085,ORD-04703,CUST-0118,PROD-0721,SIZE_MISMATCH,2026-05-27T00:22:24.147502
RTN-1086,ORD-04705,CUST-0646,PROD-0583,CHANGED_MIND,2026-05-03T09:44:54.147562
RTN-1087,ORD-04707,CUST-0500,PROD-0516,SIZE_MISMATCH,2026-04-15T21:16:42.147632
RTN-1088,ORD-04708,CUST-0399,PROD-0005,SIZE_MISMATCH,2026-04-24T20:00:04.147709
RTN-1089,ORD-04716,CUST-0745,PROD-0188,DEFECTIVE,2026-04-04T01:22:35.147956
RTN-1090,ORD-04719,CUST-0118,PROD-0978,DESCRIPTION_MISMATCH,2026-04-10T15:00:29.148064
RTN-1091,ORD-04727,CUST-0706,PROD-0255,DAMAGED_IN_TRANSIT,2026-06-09T04:36:17.148278
RTN-1092,ORD-04729,CUST-0589,PROD-0479,DEFECTIVE,2026-03-23T18:39:47.148332
RTN-1093,ORD-04733,CUST-0501,PROD-0862,DEFECTIVE,2026-05-18T21:02:20.148418
RTN-1094,ORD-04736,CUST-0560,PROD-0191,SIZE_MISMATCH,2026-06-12T03:43:11.148484
RTN-1095,ORD-04737,CUST-0953,PROD-0438,DESCRIPTION_MISMATCH,2026-05-16T16:47:01.148514
RTN-1096,ORD-04742,CUST-0727,PROD-0363,SIZE_MISMATCH,2026-04-16T04:33:31.148644
RTN-1097,ORD-04747,CUST-0013,PROD-0241,SIZE_MISMATCH,2026-05-09T04:23:14.148784
RTN-1098,ORD-04749,CUST-0896,PROD-0102,SIZE_MISMATCH,2026-05-21T00:06:00.148839
RTN-1099,ORD-04754,CUST-0801,PROD-0787,SIZE_MISMATCH,2026-05-18T03:16:23.148951
RTN-1100,ORD-04755,CUST-0718,PROD-0509,DEFECTIVE,2026-06-08T06:07:56.148984
RTN-1101,ORD-04757,CUST-0812,PROD-0504,DEFECTIVE,2026-03-25T17:23:34.149044
RTN-1102,ORD-04769,CUST-0359,PROD-0969,DEFECTIVE,2026-04-02T18:32:40.149375
RTN-1103,ORD-04771,CUST-0581,PROD-0383,DEFECTIVE,2026-05-06T01:36:40.149438
RTN-1104,ORD-04785,CUST-0610,PROD-0033,SIZE_MISMATCH,2026-03-22T07:04:56.149774
RTN-1105,ORD-04789,CUST-0961,PROD-0141,DEFECTIVE,2026-04-02T03:56:50.149893
RTN-1106,ORD-04798,CUST-0879,PROD-0800,DESCRIPTION_MISMATCH,2026-04-06T10:02:26.150109
RTN-1107,ORD-04801,CUST-0830,PROD-0566,CHANGED_MIND,2026-05-10T06:56:45.150182
RTN-1108,ORD-04810,CUST-0602,PROD-0844,DAMAGED_IN_TRANSIT,2026-06-04T20:30:35.150404
RTN-1109,ORD-04813,CUST-0090,PROD-0953,SIZE_MISMATCH,2026-04-30T21:50:47.150477
RTN-1110,ORD-04818,CUST-0927,PROD-0573,DAMAGED_IN_TRANSIT,2026-04-02T14:02:56.150584
RTN-1111,ORD-04819,CUST-0039,PROD-0348,DESCRIPTION_MISMATCH,2026-05-21T17:08:20.150622
RTN-1112,ORD-04821,CUST-0753,PROD-0017,CHANGED_MIND,2026-04-15T14:03:28.150716
RTN-1113,ORD-04830,CUST-0030,PROD-0574,DAMAGED_IN_TRANSIT,2026-05-07T05:20:45.150882
RTN-1114,ORD-04835,CUST-0736,PROD-0711,DEFECTIVE,2026-04-12T16:56:10.150978
RTN-1115,ORD-04838,CUST-0149,PROD-0234,DEFECTIVE,2026-06-08T13:04:24.151047
RTN-1116,ORD-04839,CUST-0544,PROD-0367,SIZE_MISMATCH,2026-04-27T20:02:25.151084
RTN-1117,ORD-04842,CUST-0726,PROD-0863,SIZE_MISMATCH,2026-05-24T01:03:49.151147
RTN-1118,ORD-04843,CUST-0334,PROD-0228,CHANGED_MIND,2026-05-12T11:57:29.151175
RTN-1119,ORD-04845,CUST-0446,PROD-0516,SIZE_MISMATCH,2026-05-08T18:07:06.151222
RTN-1120,ORD-04846,CUST-0119,PROD-0065,CHANGED_MIND,2026-05-25T19:10:17.151252
RTN-1121,ORD-04847,CUST-0884,PROD-0048,SIZE_MISMATCH,2026-04-23T09:38:24.151286
RTN-1122,ORD-04849,CUST-0206,PROD-0921,DESCRIPTION_MISMATCH,2026-04-26T23:47:52.151338
RTN-1123,ORD-04853,CUST-0324,PROD-0296,SIZE_MISMATCH,2026-05-26T02:08:52.151424
RTN-1124,ORD-04859,CUST-0148,PROD-0089,SIZE_MISMATCH,2026-03-21T02:35:57.151538
RTN-1125,ORD-04860,CUST-0050,PROD-0719,CHANGED_MIND,2026-05-24T18:00:13.151570
RTN-1126,ORD-04868,CUST-0178,PROD-0398,DEFECTIVE,2026-06-21T09:34:47.151777
RTN-1127,ORD-04876,CUST-0161,PROD-0987,DAMAGED_IN_TRANSIT,2026-05-30T08:22:48.151939
RTN-1128,ORD-04879,CUST-0738,PROD-0532,SIZE_MISMATCH,2026-06-02T23:48:41.152016
RTN-1129,ORD-04890,CUST-0763,PROD-0195,CHANGED_MIND,2026-04-03T19:12:43.152219
RTN-1130,ORD-04891,CUST-0366,PROD-0436,DAMAGED_IN_TRANSIT,2026-05-22T22:35:24.152260
RTN-1131,ORD-04893,CUST-0818,PROD-0403,DEFECTIVE,2026-05-06T12:19:26.152311
RTN-1132,ORD-04896,CUST-0686,PROD-0447,SIZE_MISMATCH,2026-05-25T13:11:52.152374
RTN-1133,ORD-04897,CUST-0236,PROD-0820,DAMAGED_IN_TRANSIT,2026-05-15T03:13:23.152401
RTN-1134,ORD-04900,CUST-0229,PROD-0788,SIZE_MISMATCH,2026-04-20T23:18:40.152465
RTN-1135,ORD-04903,CUST-0371,PROD-0889,CHANGED_MIND,2026-06-01T13:10:46.152529
RTN-1136,ORD-04904,CUST-0763,PROD-0591,DEFECTIVE,2026-05-19T17:50:27.152575
RTN-1137,ORD-04907,CUST-0462,PROD-0588,DESCRIPTION_MISMATCH,2026-05-13T23:59:03.152636
RTN-1138,ORD-04913,CUST-0525,PROD-0984,SIZE_MISMATCH,2026-05-15T09:06:18.152763
RTN-1139,ORD-04914,CUST-0457,PROD-0490,CHANGED_MIND,2026-06-12T13:50:50.152804
RTN-1140,ORD-04930,CUST-0362,PROD-0325,DAMAGED_IN_TRANSIT,2026-05-12T11:02:53.153108
RTN-1141,ORD-04931,CUST-0155,PROD-0695,DEFECTIVE,2026-06-06T13:49:03.153138
RTN-1142,ORD-04939,CUST-0579,PROD-0523,DESCRIPTION_MISMATCH,2026-05-01T22:53:59.153317
RTN-1143,ORD-04941,CUST-0125,PROD-0207,CHANGED_MIND,2026-05-12T23:29:36.153366
RTN-1144,ORD-04942,CUST-0680,PROD-0245,DEFECTIVE,2026-04-18T16:56:47.153393
RTN-1145,ORD-04946,CUST-0228,PROD-0514,SIZE_MISMATCH,2026-04-12T08:13:35.153483
RTN-1146,ORD-04953,CUST-0815,PROD-0702,CHANGED_MIND,2026-05-10T01:39:40.153619
RTN-1147,ORD-04955,CUST-0115,PROD-0284,CHANGED_MIND,2026-05-12T11:25:42.153681
RTN-1148,ORD-04960,CUST-0750,PROD-0232,SIZE_MISMATCH,2026-05-17T04:58:50.153779
RTN-1149,ORD-04963,CUST-0054,PROD-0404,DEFECTIVE,2026-06-19T06:40:26.153855
RTN-1150,ORD-04968,CUST-0163,PROD-0271,DAMAGED_IN_TRANSIT,2026-05-19T03:44:30.153977
RTN-1151,ORD-04975,CUST-0682,PROD-0716,DEFECTIVE,2026-05-24T01:43:46.154106
RTN-1152,ORD-04980,CUST-0463,PROD-0753,SIZE_MISMATCH,2026-05-29T22:01:04.154204
RTN-1153,ORD-04985,CUST-0734,PROD-0913,SIZE_MISMATCH,2026-04-16T22:41:45.154309
RTN-1154,ORD-04986,CUST-0135,PROD-0179,DESCRIPTION_MISMATCH,2026-05-28T00:18:35.154337
RTN-1155,ORD-04988,CUST-0618,PROD-0055,DEFECTIVE,2026-04-10T13:22:25.154387
RTN-1156,ORD-04990,CUST-0157,PROD-0643,SIZE_MISMATCH,2026-04-07T20:27:27.154434
RTN-1157,ORD-04994,CUST-0320,PROD-0369,SIZE_MISMATCH,2026-05-09T15:11:42.154513
RTN-1158,ORD-04996,CUST-0983,PROD-0445,SIZE_MISMATCH,2026-06-01T05:44:45.154568
RTN-1159,ORD-04998,CUST-0738,PROD-0171,DESCRIPTION_MISMATCH,2026-03-24T10:06:22.154615
RTN-1160,ORD-05000,CUST-0440,PROD-0503,DEFECTIVE,2026-05-28T23:49:26.154674
